{"stats":{"minecraft:dropped":{"minecraft:iron_ingot":11,"minecraft:glow_ink_sac":1,"minecraft:cobblestone":1,"minecraft:book":64,"minecraft:granite":12,"minecraft:rail":30,"minecraft:flint":1,"minecraft:stick":15,"minecraft:lava_bucket":1,"minecraft:dirt":2,"minecraft:deepslate_brick_stairs":1,"minecraft:snowball":4,"minecraft:chain":3,"minecraft:gold_nugget":1,"minecraft:iron_axe":2,"minecraft:paper":11,"minecraft:string":136,"minecraft:bucket":1,"minecraft:lever":1,"minecraft:iron_nugget":10,"minecraft:cherry_sapling":1,"minecraft:golden_shovel":1,"minecraft:carrot":13,"minecraft:gunpowder":2,"minecraft:redstone_torch":1,"minecraft:beef":3},"minecraft:crafted":{"minecraft:iron_nugget":45,"minecraft:spruce_button":1,"minecraft:chain":22,"minecraft:lever":5,"minecraft:bookshelf":45,"minecraft:dark_oak_hanging_sign":66,"minecraft:polished_deepslate":4,"minecraft:iron_axe":8,"minecraft:spruce_slab":252,"minecraft:stone_pickaxe":2,"minecraft:oak_slab":6,"minecraft:emerald":310,"minecraft:cauldron":9,"minecraft:spruce_sign":6,"minecraft:crafting_table":1,"minecraft:spruce_planks":416,"minecraft:enchanting_table":1,"minecraft:baked_potato":82,"minecraft:bucket":3,"minecraft:enchanted_book":13,"minecraft:polished_deepslate_slab":6,"minecraft:air":0,"minecraft:blue_dye":1,"minecraft:lectern":30,"minecraft:book":2,"minecraft:paper":9,"minecraft:white_dye":2,"minecraft:stick":32,"minecraft:iron_ingot":126,"minecraft:iron_pickaxe":2,"minecraft:iron_shovel":1},"minecraft:used":{"minecraft:tuff_bricks":13,"minecraft:iron_bars":2,"minecraft:enchanting_table":3,"minecraft:iron_shovel":53,"minecraft:redstone":4,"minecraft:spruce_planks":22,"minecraft:polished_basalt":15,"minecraft:shield":2,"minecraft:iron_sword":29,"minecraft:rotten_flesh":3,"minecraft:torch":20,"minecraft:dirt":10,"minecraft:cobblestone_wall":1,"minecraft:deepslate_brick_slab":12,"minecraft:golden_shovel":18,"minecraft:granite":6,"minecraft:stripped_spruce_log":1,"minecraft:glass":2,"minecraft:lava_bucket":79,"minecraft:bookshelf":15,"minecraft:iron_axe":1813,"minecraft:spruce_button":2,"minecraft:stone_bricks":7,"minecraft:spruce_hanging_sign":30,"minecraft:glowstone":2,"minecraft:oak_sapling":1,"minecraft:minecart":2,"minecraft:cobbled_deepslate":4,"minecraft:pointed_dripstone":9,"minecraft:water_bucket":56,"minecraft:mossy_stone_bricks":8,"minecraft:diorite":40,"minecraft:dark_oak_hanging_sign":21,"minecraft:powered_rail":4,"minecraft:baked_potato":78,"minecraft:stone_pickaxe":136,"minecraft:oak_planks":9,"minecraft:cauldron":9,"minecraft:spruce_sign":4,"minecraft:white_dye":2,"minecraft:glow_ink_sac":2,"minecraft:deepslate_bricks":18,"minecraft:cracked_stone_bricks":3,"minecraft:polished_deepslate_slab":42,"minecraft:rail":198,"minecraft:blue_dye":1,"minecraft:sand":7,"minecraft:stripped_dark_oak_log":2,"minecraft:oak_slab":3,"minecraft:crafting_table":7,"minecraft:white_bed":7,"minecraft:spruce_log":4,"minecraft:deepslate_brick_stairs":70,"minecraft:lever":23,"minecraft:diamond_pickaxe":3,"minecraft:dark_oak_log":57,"minecraft:iron_pickaxe":549,"minecraft:oak_button":6,"minecraft:lectern":1189,"minecraft:spruce_trapdoor":7,"minecraft:gravel":7,"minecraft:golden_leggings":1,"minecraft:fire_charge":1,"minecraft:cobblestone":141,"minecraft:white_banner":1,"minecraft:andesite":5,"minecraft:bucket":135,"minecraft:glass_pane":3,"minecraft:stripped_oak_log":1},"minecraft:custom":{"minecraft:mob_kills":19,"minecraft:inspect_hopper":5,"minecraft:interact_with_crafting_table":29,"minecraft:open_barrel":6,"minecraft:leave_game":5,"minecraft:time_since_death":478421,"minecraft:climb_one_cm":1026,"minecraft:sprint_one_cm":1174712,"minecraft:walk_one_cm":1321139,"minecraft:damage_blocked_by_shield":541,"minecraft:drop":34,"minecraft:talked_to_villager":1754,"minecraft:play_time":483451,"minecraft:deaths":1,"minecraft:sneak_time":32292,"minecraft:walk_under_water_one_cm":39144,"minecraft:jump":4828,"minecraft:interact_with_blast_furnace":1,"minecraft:walk_on_water_one_cm":59214,"minecraft:total_world_time":483451,"minecraft:interact_with_furnace":1,"minecraft:traded_with_villager":323,"minecraft:interact_with_stonecutter":4,"minecraft:sleep_in_bed":16,"minecraft:time_since_rest":12767,"minecraft:damage_taken":2301,"minecraft:damage_dealt":3640,"minecraft:minecart_one_cm":2758,"minecraft:swim_one_cm":207198,"minecraft:fly_one_cm":1048085,"minecraft:open_chest":328,"minecraft:crouch_one_cm":104397,"minecraft:interact_with_smoker":20,"minecraft:fall_one_cm":64415,"minecraft:use_cauldron":3,"minecraft:inspect_dispenser":14},"minecraft:picked_up":{"minecraft:crafting_table":6,"minecraft:iron_chestplate":1,"minecraft:lead":2,"minecraft:chain":3,"minecraft:shield":1,"minecraft:string":1355,"minecraft:iron_axe":3,"minecraft:iron_leggings":1,"minecraft:glass_pane":12,"minecraft:cracked_stone_bricks":3,"minecraft:cobbled_deepslate":46,"minecraft:bucket":2,"minecraft:spruce_planks":25,"minecraft:eye_armor_trim_smithing_template":1,"minecraft:oak_boat":1,"minecraft:redstone_torch":1,"minecraft:iron_nugget":5,"minecraft:iron_pickaxe":1,"minecraft:minecart":19,"minecraft:lectern":1173,"minecraft:chest":2,"minecraft:spruce_trapdoor":4,"minecraft:iron_boots":1,"minecraft:stick":12,"minecraft:polished_deepslate_slab":30,"minecraft:torch":20,"minecraft:diorite":40,"minecraft:redstone":4,"minecraft:deepslate_tile_stairs":1,"minecraft:dark_oak_planks":7,"minecraft:rotten_flesh":3,"minecraft:deepslate_bricks":15,"minecraft:polished_basalt":6,"minecraft:tuff_bricks":38,"minecraft:spruce_hanging_sign":29,"minecraft:deepslate_brick_stairs":49,"minecraft:obsidian":3,"minecraft:iron_bars":2,"minecraft:snowball":4,"minecraft:rail":184,"minecraft:cobblestone":181,"minecraft:stripped_oak_log":1,"minecraft:enchanting_table":2,"minecraft:glow_ink_sac":3,"minecraft:water_bucket":2,"minecraft:andesite":5,"minecraft:leather":1,"minecraft:flint":26,"minecraft:tuff":11,"minecraft:cobblestone_wall":1,"minecraft:gunpowder":2,"minecraft:dirt":31,"minecraft:paper":8,"minecraft:white_banner":1,"minecraft:stone_bricks":7,"minecraft:deepslate_brick_slab":14,"minecraft:mossy_stone_bricks":8,"minecraft:powered_rail":4,"minecraft:iron_sword":1,"minecraft:oak_planks":22,"minecraft:book":767,"minecraft:oak_slab":3,"minecraft:sweet_berries":2,"minecraft:gravel":7,"minecraft:sand":71,"minecraft:stripped_spruce_log":7,"minecraft:spruce_sapling":34,"minecraft:white_bed":7,"minecraft:spruce_log":146,"minecraft:dark_oak_log":9,"minecraft:diamond":6,"minecraft:lever":23,"minecraft:iron_helmet":1,"minecraft:crossbow":2,"minecraft:granite":18,"minecraft:spruce_button":2,"minecraft:dark_oak_hanging_sign":6,"minecraft:spruce_sign":1,"minecraft:warped_roots":2,"minecraft:oak_button":6,"minecraft:baked_potato":19,"minecraft:stripped_dark_oak_log":68},"minecraft:broken":{"minecraft:stone_pickaxe":1,"minecraft:iron_axe":7,"minecraft:iron_pickaxe":1},"minecraft:killed":{"minecraft:spider":1,"minecraft:silverfish":3,"minecraft:wandering_trader":1,"minecraft:trader_llama":2,"minecraft:zombie":6,"minecraft:glow_squid":1,"minecraft:villager":4},"minecraft:mined":{"minecraft:spruce_planks":25,"minecraft:white_bed":7,"minecraft:deepslate_diamond_ore":6,"minecraft:dark_oak_log":9,"minecraft:obsidian":3,"minecraft:spruce_trapdoor":4,"minecraft:lever":22,"minecraft:granite":22,"minecraft:grass_block":10,"minecraft:redstone_wire":4,"minecraft:deepslate_bricks":17,"minecraft:deepslate_tile_stairs":1,"minecraft:spruce_leaves":58,"minecraft:tuff_bricks":38,"minecraft:spawner":1,"minecraft:deepslate_brick_slab":10,"minecraft:polished_basalt":6,"minecraft:iron_ore":1,"minecraft:fire":1,"minecraft:snow":3,"minecraft:andesite":5,"minecraft:stripped_spruce_log":2,"minecraft:dark_oak_wall_hanging_sign":1,"minecraft:enchanting_table":2,"minecraft:bookshelf":233,"minecraft:polished_deepslate_slab":24,"minecraft:rail":155,"minecraft:iron_bars":2,"minecraft:deepslate_brick_stairs":49,"minecraft:stripped_oak_log":1,"minecraft:stone":176,"minecraft:spruce_hanging_sign":19,"minecraft:oak_slab":3,"minecraft:snow_block":1,"minecraft:stripped_dark_oak_log":68,"minecraft:powder_snow":13,"minecraft:crafting_table":4,"minecraft:torch":6,"minecraft:spruce_button":1,"minecraft:short_grass":2,"minecraft:chest":2,"minecraft:lectern":1175,"minecraft:spruce_wall_sign":1,"minecraft:glass":2,"minecraft:cobblestone":45,"minecraft:oak_planks":22,"minecraft:diorite":41,"minecraft:wall_torch":2,"minecraft:spruce_wall_hanging_sign":10,"minecraft:powered_rail":2,"minecraft:cobblestone_wall":1,"minecraft:ice":22,"minecraft:spruce_log":146,"minecraft:dark_oak_hanging_sign":5,"minecraft:cherry_leaves":3,"minecraft:gravel":9,"minecraft:sand":7,"minecraft:dirt":26,"minecraft:cracked_stone_bricks":3,"minecraft:oak_button":6,"minecraft:stone_bricks":7,"minecraft:mossy_stone_bricks":8,"minecraft:oak_leaves":1,"minecraft:deepslate":49}},"DataVersion":3953}