{"stats":{"minecraft:killed_by":{"minecraft:zombified_piglin":1,"minecraft:wither_skeleton":2,"minecraft:player":3,"minecraft:enderman":2,"minecraft:skeleton":1},"minecraft:dropped":{"minecraft:glow_ink_sac":1,"minecraft:warped_roots":1,"minecraft:leather":1,"minecraft:rail":30,"minecraft:flint":2,"minecraft:dirt":2,"minecraft:snowball":4,"minecraft:chain":3,"minecraft:gold_nugget":1,"minecraft:pumpkin_pie":4,"minecraft:iron_pickaxe":1,"minecraft:lever":1,"minecraft:iron_nugget":10,"minecraft:cherry_sapling":1,"minecraft:deepslate_brick_slab":4,"minecraft:golden_shovel":1,"minecraft:carrot":15,"minecraft:gunpowder":2,"minecraft:coal_ore":2,"minecraft:beef":3,"minecraft:iron_ingot":12,"minecraft:deepslate_diamond_ore":1,"minecraft:iron_helmet":1,"minecraft:cobblestone":9,"minecraft:book":64,"minecraft:granite":12,"minecraft:stick":15,"minecraft:lava_bucket":1,"minecraft:deepslate_brick_stairs":1,"minecraft:iron_leggings":1,"minecraft:iron_axe":3,"minecraft:paper":11,"minecraft:string":148,"minecraft:bucket":2,"minecraft:iron_boots":1,"minecraft:potato":2,"minecraft:cobblestone_slab":6,"minecraft:stone":55,"minecraft:redstone_torch":1},"minecraft:broken":{"minecraft:stone_pickaxe":1,"minecraft:iron_axe":7,"minecraft:iron_pickaxe":4},"minecraft:used":{"minecraft:tuff_bricks":13,"minecraft:iron_shovel":262,"minecraft:oak_sign":4,"minecraft:polished_basalt":15,"minecraft:chest":6,"minecraft:shield":2,"minecraft:stone":42,"minecraft:iron_sword":178,"minecraft:rotten_flesh":12,"minecraft:iron_chestplate":1,"minecraft:soul_sand":1,"minecraft:deepslate_tile_slab":1,"minecraft:carrot":51,"minecraft:deepslate_brick_slab":41,"minecraft:tuff":5,"minecraft:stripped_spruce_log":1,"minecraft:glass":3,"minecraft:spruce_boat":2,"minecraft:lava_bucket":92,"minecraft:iron_helmet":1,"minecraft:stone_bricks":98,"minecraft:spruce_hanging_sign":30,"minecraft:bow":70,"minecraft:oak_sapling":1,"minecraft:potato":2,"minecraft:light_blue_carpet":1,"minecraft:mossy_stone_bricks":8,"minecraft:diorite":40,"minecraft:stone_pickaxe":139,"minecraft:powered_rail":4,"minecraft:oak_planks":9,"minecraft:golden_apple":1,"minecraft:blue_dye":1,"minecraft:sand":7,"minecraft:blue_ice":5,"minecraft:deepslate_brick_stairs":70,"minecraft:lever":24,"minecraft:dark_oak_log":57,"minecraft:bread":9,"minecraft:string":2,"minecraft:lectern":1251,"minecraft:deepslate":8,"minecraft:gravel":14,"minecraft:fire_charge":1,"minecraft:andesite":5,"minecraft:iron_bars":2,"minecraft:enchanting_table":3,"minecraft:redstone":4,"minecraft:spruce_planks":23,"minecraft:tinted_glass":2,"minecraft:netherrack":77,"minecraft:torch":100,"minecraft:dirt":104,"minecraft:anvil":1,"minecraft:hopper":2,"minecraft:cobblestone_wall":1,"minecraft:golden_shovel":18,"minecraft:granite":6,"minecraft:iron_hoe":1,"minecraft:bookshelf":15,"minecraft:iron_axe":1927,"minecraft:spruce_button":3,"minecraft:iron_boots":2,"minecraft:basalt":7,"minecraft:glowstone":2,"minecraft:minecart":2,"minecraft:cobbled_deepslate":22,"minecraft:powder_snow_bucket":1,"minecraft:iron_leggings":3,"minecraft:pointed_dripstone":9,"minecraft:water_bucket":142,"minecraft:dark_oak_hanging_sign":21,"minecraft:baked_potato":93,"minecraft:spruce_sign":4,"minecraft:cauldron":9,"minecraft:white_dye":2,"minecraft:fletching_table":3,"minecraft:glow_ink_sac":2,"minecraft:warped_roots":1,"minecraft:cracked_stone_bricks":3,"minecraft:deepslate_bricks":71,"minecraft:polished_deepslate_slab":42,"minecraft:rail":199,"minecraft:stripped_dark_oak_log":2,"minecraft:crafting_table":15,"minecraft:oak_slab":3,"minecraft:spider_eye":1,"minecraft:white_bed":18,"minecraft:spruce_log":4,"minecraft:warped_planks":14,"minecraft:diamond_pickaxe":321,"minecraft:warped_trapdoor":2,"minecraft:oak_button":6,"minecraft:iron_pickaxe":1285,"minecraft:spruce_trapdoor":7,"minecraft:golden_leggings":1,"minecraft:cobblestone":247,"minecraft:white_banner":1,"minecraft:bucket":237,"minecraft:glass_pane":3,"minecraft:pumpkin_pie":11,"minecraft:stripped_oak_log":1,"minecraft:kelp":25},"minecraft:custom":{"minecraft:interact_with_crafting_table":67,"minecraft:open_barrel":10,"minecraft:leave_game":11,"minecraft:time_since_death":27133,"minecraft:sprint_one_cm":1851129,"minecraft:damage_blocked_by_shield":541,"minecraft:drop":61,"minecraft:talked_to_villager":1855,"minecraft:play_time":756701,"minecraft:deaths":13,"minecraft:jump":8709,"minecraft:walk_on_water_one_cm":140002,"minecraft:enchant_item":3,"minecraft:interact_with_furnace":2,"minecraft:traded_with_villager":582,"minecraft:sleep_in_bed":28,"minecraft:damage_dealt":9617,"minecraft:player_kills":1,"minecraft:crouch_one_cm":160906,"minecraft:interact_with_smoker":22,"minecraft:use_cauldron":3,"minecraft:inspect_dispenser":14,"minecraft:mob_kills":108,"minecraft:interact_with_anvil":8,"minecraft:inspect_hopper":7,"minecraft:climb_one_cm":1881,"minecraft:walk_one_cm":1895461,"minecraft:sneak_time":47552,"minecraft:walk_under_water_one_cm":124761,"minecraft:boat_one_cm":23398,"minecraft:interact_with_blast_furnace":1,"minecraft:total_world_time":756701,"minecraft:interact_with_stonecutter":5,"minecraft:time_since_rest":27156,"minecraft:damage_absorbed":40,"minecraft:damage_taken":8413,"minecraft:minecart_one_cm":2758,"minecraft:swim_one_cm":443669,"minecraft:fly_one_cm":1691542,"minecraft:open_chest":570,"minecraft:fall_one_cm":128669},"minecraft:mined":{"minecraft:spruce_planks":25,"minecraft:white_bed":19,"minecraft:obsidian":3,"minecraft:spruce_trapdoor":4,"minecraft:granite":22,"minecraft:grass_block":29,"minecraft:deepslate_bricks":21,"minecraft:deepslate_tile_stairs":1,"minecraft:hopper":1,"minecraft:nether_wart":9,"minecraft:tuff_bricks":38,"minecraft:spawner":1,"minecraft:tall_seagrass":10,"minecraft:iron_ore":1,"minecraft:cobbled_deepslate":1,"minecraft:fire":12,"minecraft:fletching_table":2,"minecraft:dark_oak_wall_hanging_sign":1,"minecraft:enchanting_table":2,"minecraft:polished_deepslate_slab":24,"minecraft:iron_bars":2,"minecraft:deepslate_brick_stairs":49,"minecraft:kelp_plant":20,"minecraft:amethyst_cluster":1,"minecraft:powder_snow":16,"minecraft:torch":16,"minecraft:calcite":1,"minecraft:chest":5,"minecraft:spruce_wall_sign":1,"minecraft:glass":3,"minecraft:cobblestone":208,"minecraft:sugar_cane":8,"minecraft:oak_planks":22,"minecraft:wall_torch":13,"minecraft:amethyst_block":6,"minecraft:spruce_wall_hanging_sign":10,"minecraft:seagrass":13,"minecraft:warped_nylium":6,"minecraft:powered_rail":2,"minecraft:warped_planks":2,"minecraft:oak_log":6,"minecraft:sand":8,"minecraft:dirt":176,"minecraft:smooth_basalt":3,"minecraft:netherrack":208,"minecraft:oak_leaves":6,"minecraft:deepslate":317,"minecraft:tuff":34,"minecraft:mossy_cobblestone":58,"minecraft:deepslate_diamond_ore":18,"minecraft:dark_oak_log":9,"minecraft:lever":22,"minecraft:nether_bricks":15,"minecraft:redstone_wire":4,"minecraft:spruce_leaves":58,"minecraft:deepslate_brick_slab":18,"minecraft:polished_basalt":6,"minecraft:snow":3,"minecraft:andesite":5,"minecraft:stripped_spruce_log":2,"minecraft:bookshelf":233,"minecraft:potatoes":1,"minecraft:rail":158,"minecraft:warped_stem":9,"minecraft:stripped_oak_log":1,"minecraft:packed_ice":45,"minecraft:stone":331,"minecraft:spruce_hanging_sign":19,"minecraft:oak_slab":3,"minecraft:soul_sand":20,"minecraft:snow_block":1,"minecraft:stripped_dark_oak_log":68,"minecraft:basalt":7,"minecraft:crafting_table":9,"minecraft:short_grass":4,"minecraft:spruce_button":1,"minecraft:warped_roots":4,"minecraft:lectern":1224,"minecraft:deepslate_gold_ore":1,"minecraft:diorite":41,"minecraft:warped_wart_block":1,"minecraft:cobblestone_wall":1,"minecraft:ice":22,"minecraft:spruce_log":147,"minecraft:birch_leaves":1,"minecraft:dark_oak_hanging_sign":5,"minecraft:coal_ore":34,"minecraft:cherry_leaves":3,"minecraft:gravel":38,"minecraft:cracked_stone_bricks":3,"minecraft:oak_button":6,"minecraft:stone_bricks":18,"minecraft:mossy_stone_bricks":8},"minecraft:picked_up":{"minecraft:iron_chestplate":9,"minecraft:lead":2,"minecraft:amethyst_block":6,"minecraft:string":1487,"minecraft:iron_leggings":10,"minecraft:oak_sign":3,"minecraft:cobbled_deepslate":448,"minecraft:bucket":16,"minecraft:spruce_planks":35,"minecraft:eye_armor_trim_smithing_template":1,"minecraft:redstone_torch":1,"minecraft:cobblestone_slab":6,"minecraft:calcite":1,"minecraft:iron_pickaxe":10,"minecraft:iron_boots":12,"minecraft:stick":21,"minecraft:torch":63,"minecraft:diorite":40,"minecraft:warped_planks":23,"minecraft:deepslate_tile_stairs":1,"minecraft:stone_sword":1,"minecraft:rotten_flesh":26,"minecraft:polished_basalt":6,"minecraft:spruce_hanging_sign":29,"minecraft:blaze_rod":22,"minecraft:deepslate_brick_stairs":49,"minecraft:obsidian":3,"minecraft:iron_bars":2,"minecraft:snowball":4,"minecraft:cobblestone":528,"minecraft:enchanting_table":2,"minecraft:cooked_beef":3,"minecraft:magma_cream":4,"minecraft:water_bucket":8,"minecraft:andesite":5,"minecraft:potato":4,"minecraft:flint":31,"minecraft:tuff":61,"minecraft:dirt":263,"minecraft:glass":18,"minecraft:bone":39,"minecraft:bow":3,"minecraft:deepslate_brick_slab":35,"minecraft:raw_gold":8,"minecraft:fletching_table":3,"minecraft:mossy_stone_bricks":8,"minecraft:powered_rail":4,"minecraft:oak_planks":24,"minecraft:warped_wart_block":2,"minecraft:sand":72,"minecraft:stripped_spruce_log":7,"minecraft:dark_oak_log":9,"minecraft:mossy_cobblestone":174,"minecraft:iron_hoe":3,"minecraft:diamond":6,"minecraft:deepslate":8,"minecraft:spruce_boat":4,"minecraft:lever":35,"minecraft:crossbow":2,"minecraft:blue_ice":4,"minecraft:granite":18,"minecraft:emerald":250,"minecraft:spruce_button":2,"minecraft:spruce_sign":1,"minecraft:golden_horse_armor":3,"minecraft:bread":157,"minecraft:netherrack":568,"minecraft:diamond_pickaxe":3,"minecraft:crafting_table":13,"minecraft:nether_wart":52,"minecraft:packed_ice":45,"minecraft:chain":3,"minecraft:shield":2,"minecraft:iron_axe":12,"minecraft:flint_and_steel":1,"minecraft:iron_shovel":9,"minecraft:glass_pane":12,"minecraft:cracked_stone_bricks":3,"minecraft:deepslate_diamond_ore":13,"minecraft:oak_boat":1,"minecraft:iron_nugget":5,"minecraft:lectern":1225,"minecraft:minecart":22,"minecraft:tinted_glass":6,"minecraft:sugar_cane":15,"minecraft:chest":14,"minecraft:spruce_trapdoor":4,"minecraft:polished_deepslate_slab":30,"minecraft:stone":205,"minecraft:carrot":495,"minecraft:redstone":4,"minecraft:dark_oak_planks":7,"minecraft:arrow":274,"minecraft:pumpkin_pie":16,"minecraft:nether_bricks":45,"minecraft:deepslate_bricks":64,"minecraft:tuff_bricks":38,"minecraft:rail":215,"minecraft:stripped_oak_log":1,"minecraft:basalt":7,"minecraft:glow_ink_sac":3,"minecraft:leather":3,"minecraft:oak_log":10,"minecraft:gunpowder":6,"minecraft:cobblestone_wall":1,"minecraft:deepslate_tile_slab":10,"minecraft:paper":8,"minecraft:white_banner":1,"minecraft:stone_bricks":22,"minecraft:kelp":444,"minecraft:warped_stem":9,"minecraft:iron_ingot":29,"minecraft:soul_sand":42,"minecraft:iron_sword":8,"minecraft:book":908,"minecraft:oak_slab":3,"minecraft:smooth_basalt":3,"minecraft:sweet_berries":2,"minecraft:gravel":35,"minecraft:lava_bucket":6,"minecraft:amethyst_shard":4,"minecraft:spruce_sapling":34,"minecraft:white_bed":23,"minecraft:spruce_log":147,"minecraft:spider_eye":1,"minecraft:coal_ore":17,"minecraft:white_concrete_powder":64,"minecraft:light_blue_carpet":10,"minecraft:iron_helmet":11,"minecraft:dark_oak_hanging_sign":6,"minecraft:warped_roots":16,"minecraft:oak_button":6,"minecraft:baked_potato":35,"minecraft:warped_nylium":1,"minecraft:stripped_dark_oak_log":68,"minecraft:coal":19,"minecraft:hopper":4,"minecraft:ender_pearl":1},"minecraft:crafted":{"minecraft:oak_planks":20,"minecraft:cobblestone_slab":6,"minecraft:oak_sign":6,"minecraft:chain":22,"minecraft:lever":15,"minecraft:bookshelf":45,"minecraft:warped_planks":36,"minecraft:dark_oak_hanging_sign":66,"minecraft:hopper":1,"minecraft:bow":2,"minecraft:iron_boots":1,"minecraft:chest":5,"minecraft:stone_bricks":84,"minecraft:oak_slab":6,"minecraft:emerald":540,"minecraft:arrow":160,"minecraft:cauldron":9,"minecraft:crafting_table":4,"minecraft:spruce_planks":448,"minecraft:iron_helmet":1,"minecraft:baked_potato":82,"minecraft:fletching_table":1,"minecraft:polished_deepslate_slab":6,"minecraft:lectern":30,"minecraft:iron_chestplate":1,"minecraft:book":2,"minecraft:paper":9,"minecraft:shield":2,"minecraft:stick":80,"minecraft:light_blue_dye":4,"minecraft:iron_ingot":234,"minecraft:iron_pickaxe":6,"minecraft:deepslate_bricks":64,"minecraft:iron_nugget":45,"minecraft:spruce_button":1,"minecraft:tinted_glass":2,"minecraft:warped_trapdoor":2,"minecraft:blue_ice":5,"minecraft:polished_deepslate":68,"minecraft:iron_axe":9,"minecraft:spruce_slab":252,"minecraft:stone_pickaxe":3,"minecraft:spruce_boat":2,"minecraft:spruce_sign":6,"minecraft:enchanting_table":1,"minecraft:iron_sword":1,"minecraft:deepslate_brick_slab":24,"minecraft:light_blue_wool":2,"minecraft:bucket":11,"minecraft:enchanted_book":17,"minecraft:bread":60,"minecraft:air":0,"minecraft:light_blue_carpet":3,"minecraft:blue_dye":3,"minecraft:white_wool":7,"minecraft:white_dye":4,"minecraft:iron_shovel":2,"minecraft:iron_leggings":2,"minecraft:anvil":1,"minecraft:white_bed":1,"minecraft:pumpkin_pie":20,"minecraft:torch":60},"minecraft:killed":{"minecraft:zombified_piglin":1,"minecraft:spider":2,"minecraft:skeleton":4,"minecraft:silverfish":3,"minecraft:magma_cube":42,"minecraft:creeper":3,"minecraft:trader_llama":2,"minecraft:zombie":14,"minecraft:glow_squid":1,"minecraft:cow":1,"minecraft:blaze":26,"minecraft:wandering_trader":1,"minecraft:wither_skeleton":1,"minecraft:villager":4,"minecraft:enderman":1}},"DataVersion":3953}