{"stats":{"minecraft:crafted":{"minecraft:iron_nugget":45,"minecraft:spruce_button":1,"minecraft:chain":22,"minecraft:lever":5,"minecraft:bookshelf":45,"minecraft:warped_planks":12,"minecraft:dark_oak_hanging_sign":66,"minecraft:bow":2,"minecraft:polished_deepslate":4,"minecraft:iron_axe":8,"minecraft:spruce_slab":252,"minecraft:stone_pickaxe":2,"minecraft:oak_slab":6,"minecraft:arrow":160,"minecraft:emerald":526,"minecraft:cauldron":9,"minecraft:spruce_sign":6,"minecraft:crafting_table":2,"minecraft:spruce_planks":416,"minecraft:enchanting_table":1,"minecraft:baked_potato":82,"minecraft:fletching_table":1,"minecraft:bucket":3,"minecraft:enchanted_book":17,"minecraft:polished_deepslate_slab":6,"minecraft:bread":60,"minecraft:air":0,"minecraft:blue_dye":1,"minecraft:lectern":30,"minecraft:book":2,"minecraft:paper":9,"minecraft:white_dye":2,"minecraft:stick":36,"minecraft:iron_ingot":135,"minecraft:iron_pickaxe":3,"minecraft:iron_shovel":1,"minecraft:anvil":1},"minecraft:custom":{"minecraft:interact_with_anvil":4,"minecraft:mob_kills":53,"minecraft:inspect_hopper":5,"minecraft:interact_with_crafting_table":34,"minecraft:open_barrel":6,"minecraft:leave_game":6,"minecraft:time_since_death":2335,"minecraft:climb_one_cm":1404,"minecraft:sprint_one_cm":1335050,"minecraft:walk_one_cm":1461028,"minecraft:damage_blocked_by_shield":541,"minecraft:drop":39,"minecraft:talked_to_villager":1850,"minecraft:play_time":541400,"minecraft:deaths":2,"minecraft:sneak_time":33978,"minecraft:walk_under_water_one_cm":39822,"minecraft:jump":5537,"minecraft:interact_with_blast_furnace":1,"minecraft:walk_on_water_one_cm":61404,"minecraft:enchant_item":3,"minecraft:total_world_time":541400,"minecraft:interact_with_furnace":1,"minecraft:traded_with_villager":563,"minecraft:interact_with_stonecutter":4,"minecraft:sleep_in_bed":20,"minecraft:time_since_rest":2171,"minecraft:damage_taken":3134,"minecraft:damage_dealt":4050,"minecraft:minecart_one_cm":2758,"minecraft:swim_one_cm":233794,"minecraft:fly_one_cm":1200095,"minecraft:open_chest":410,"minecraft:crouch_one_cm":110498,"minecraft:interact_with_smoker":20,"minecraft:fall_one_cm":72899,"minecraft:use_cauldron":3,"minecraft:inspect_dispenser":14},"minecraft:mined":{"minecraft:spruce_planks":25,"minecraft:white_bed":7,"minecraft:deepslate_diamond_ore":6,"minecraft:dark_oak_log":9,"minecraft:nether_bricks":15,"minecraft:obsidian":3,"minecraft:spruce_trapdoor":4,"minecraft:lever":22,"minecraft:granite":22,"minecraft:grass_block":10,"minecraft:redstone_wire":4,"minecraft:deepslate_bricks":21,"minecraft:deepslate_tile_stairs":1,"minecraft:spruce_leaves":58,"minecraft:tuff_bricks":38,"minecraft:spawner":1,"minecraft:deepslate_brick_slab":10,"minecraft:polished_basalt":6,"minecraft:iron_ore":1,"minecraft:fire":8,"minecraft:snow":3,"minecraft:andesite":5,"minecraft:stripped_spruce_log":2,"minecraft:fletching_table":2,"minecraft:dark_oak_wall_hanging_sign":1,"minecraft:enchanting_table":2,"minecraft:potatoes":1,"minecraft:bookshelf":233,"minecraft:polished_deepslate_slab":24,"minecraft:rail":157,"minecraft:iron_bars":2,"minecraft:warped_stem":3,"minecraft:deepslate_brick_stairs":49,"minecraft:stripped_oak_log":1,"minecraft:stone":176,"minecraft:spruce_hanging_sign":19,"minecraft:oak_slab":3,"minecraft:snow_block":1,"minecraft:stripped_dark_oak_log":68,"minecraft:powder_snow":13,"minecraft:crafting_table":4,"minecraft:torch":6,"minecraft:short_grass":2,"minecraft:spruce_button":1,"minecraft:warped_roots":4,"minecraft:chest":2,"minecraft:lectern":1224,"minecraft:spruce_wall_sign":1,"minecraft:glass":3,"minecraft:cobblestone":45,"minecraft:oak_planks":22,"minecraft:diorite":41,"minecraft:wall_torch":2,"minecraft:warped_wart_block":1,"minecraft:spruce_wall_hanging_sign":10,"minecraft:warped_nylium":3,"minecraft:powered_rail":2,"minecraft:cobblestone_wall":1,"minecraft:ice":22,"minecraft:spruce_log":146,"minecraft:dark_oak_hanging_sign":5,"minecraft:cherry_leaves":3,"minecraft:gravel":19,"minecraft:sand":7,"minecraft:dirt":26,"minecraft:netherrack":201,"minecraft:cracked_stone_bricks":3,"minecraft:oak_button":6,"minecraft:stone_bricks":7,"minecraft:mossy_stone_bricks":8,"minecraft:oak_leaves":1,"minecraft:deepslate":49},"minecraft:picked_up":{"minecraft:crafting_table":6,"minecraft:iron_chestplate":2,"minecraft:lead":2,"minecraft:chain":3,"minecraft:shield":1,"minecraft:string":1386,"minecraft:iron_axe":4,"minecraft:iron_leggings":2,"minecraft:iron_shovel":1,"minecraft:glass_pane":12,"minecraft:cracked_stone_bricks":3,"minecraft:cobbled_deepslate":46,"minecraft:bucket":2,"minecraft:spruce_planks":25,"minecraft:eye_armor_trim_smithing_template":1,"minecraft:oak_boat":1,"minecraft:redstone_torch":1,"minecraft:iron_nugget":5,"minecraft:iron_pickaxe":2,"minecraft:minecart":20,"minecraft:lectern":1223,"minecraft:chest":2,"minecraft:spruce_trapdoor":4,"minecraft:iron_boots":2,"minecraft:stick":14,"minecraft:polished_deepslate_slab":30,"minecraft:torch":20,"minecraft:warped_planks":6,"minecraft:diorite":40,"minecraft:carrot":128,"minecraft:redstone":4,"minecraft:deepslate_tile_stairs":1,"minecraft:dark_oak_planks":7,"minecraft:arrow":133,"minecraft:rotten_flesh":3,"minecraft:nether_bricks":30,"minecraft:deepslate_bricks":19,"minecraft:polished_basalt":6,"minecraft:tuff_bricks":38,"minecraft:spruce_hanging_sign":29,"minecraft:blaze_rod":6,"minecraft:deepslate_brick_stairs":49,"minecraft:obsidian":3,"minecraft:iron_bars":2,"minecraft:snowball":4,"minecraft:rail":213,"minecraft:cobblestone":181,"minecraft:stripped_oak_log":1,"minecraft:enchanting_table":2,"minecraft:magma_cream":2,"minecraft:glow_ink_sac":3,"minecraft:water_bucket":2,"minecraft:andesite":5,"minecraft:leather":1,"minecraft:potato":4,"minecraft:flint":28,"minecraft:tuff":11,"minecraft:cobblestone_wall":1,"minecraft:gunpowder":2,"minecraft:dirt":31,"minecraft:paper":8,"minecraft:white_banner":1,"minecraft:glass":6,"minecraft:stone_bricks":7,"minecraft:bow":1,"minecraft:deepslate_brick_slab":14,"minecraft:warped_stem":3,"minecraft:iron_ingot":2,"minecraft:fletching_table":2,"minecraft:mossy_stone_bricks":8,"minecraft:powered_rail":4,"minecraft:iron_sword":1,"minecraft:oak_planks":22,"minecraft:book":814,"minecraft:oak_slab":3,"minecraft:sweet_berries":2,"minecraft:warped_wart_block":2,"minecraft:lava_bucket":1,"minecraft:gravel":14,"minecraft:sand":71,"minecraft:stripped_spruce_log":7,"minecraft:spruce_sapling":34,"minecraft:white_bed":7,"minecraft:spruce_log":146,"minecraft:dark_oak_log":9,"minecraft:iron_hoe":1,"minecraft:diamond":6,"minecraft:lever":26,"minecraft:emerald":125,"minecraft:bread":53,"minecraft:iron_helmet":2,"minecraft:crossbow":2,"minecraft:granite":18,"minecraft:spruce_sign":1,"minecraft:dark_oak_hanging_sign":6,"minecraft:spruce_button":2,"minecraft:warped_roots":12,"minecraft:oak_button":6,"minecraft:baked_potato":35,"minecraft:netherrack":357,"minecraft:stripped_dark_oak_log":68},"minecraft:broken":{"minecraft:stone_pickaxe":1,"minecraft:iron_axe":7,"minecraft:iron_pickaxe":2},"minecraft:killed_by":{"minecraft:wither_skeleton":1},"minecraft:dropped":{"minecraft:iron_ingot":11,"minecraft:glow_ink_sac":1,"minecraft:cobblestone":1,"minecraft:book":64,"minecraft:warped_roots":1,"minecraft:granite":12,"minecraft:rail":30,"minecraft:stick":15,"minecraft:flint":1,"minecraft:lava_bucket":1,"minecraft:dirt":2,"minecraft:deepslate_brick_stairs":1,"minecraft:snowball":4,"minecraft:chain":3,"minecraft:gold_nugget":1,"minecraft:iron_axe":2,"minecraft:paper":11,"minecraft:string":136,"minecraft:bucket":1,"minecraft:lever":1,"minecraft:iron_nugget":10,"minecraft:cherry_sapling":1,"minecraft:golden_shovel":1,"minecraft:carrot":15,"minecraft:potato":2,"minecraft:gunpowder":2,"minecraft:redstone_torch":1,"minecraft:beef":3},"minecraft:killed":{"minecraft:spider":1,"minecraft:silverfish":3,"minecraft:magma_cube":16,"minecraft:wandering_trader":1,"minecraft:trader_llama":2,"minecraft:zombie":6,"minecraft:glow_squid":1,"minecraft:villager":4,"minecraft:blaze":18},"minecraft:used":{"minecraft:tuff_bricks":13,"minecraft:iron_bars":2,"minecraft:enchanting_table":3,"minecraft:iron_shovel":57,"minecraft:redstone":4,"minecraft:spruce_planks":22,"minecraft:polished_basalt":15,"minecraft:shield":2,"minecraft:iron_sword":29,"minecraft:rotten_flesh":3,"minecraft:netherrack":51,"minecraft:torch":20,"minecraft:dirt":10,"minecraft:anvil":1,"minecraft:cobblestone_wall":1,"minecraft:deepslate_brick_slab":12,"minecraft:golden_shovel":18,"minecraft:granite":6,"minecraft:stripped_spruce_log":1,"minecraft:iron_hoe":1,"minecraft:glass":3,"minecraft:lava_bucket":84,"minecraft:bookshelf":15,"minecraft:iron_axe":1890,"minecraft:spruce_button":3,"minecraft:stone_bricks":7,"minecraft:spruce_hanging_sign":30,"minecraft:bow":43,"minecraft:glowstone":2,"minecraft:oak_sapling":1,"minecraft:minecart":2,"minecraft:potato":2,"minecraft:cobbled_deepslate":4,"minecraft:pointed_dripstone":9,"minecraft:water_bucket":56,"minecraft:mossy_stone_bricks":8,"minecraft:diorite":40,"minecraft:dark_oak_hanging_sign":21,"minecraft:baked_potato":85,"minecraft:stone_pickaxe":136,"minecraft:powered_rail":4,"minecraft:oak_planks":9,"minecraft:cauldron":9,"minecraft:spruce_sign":4,"minecraft:white_dye":2,"minecraft:fletching_table":3,"minecraft:glow_ink_sac":2,"minecraft:warped_roots":1,"minecraft:deepslate_bricks":22,"minecraft:cracked_stone_bricks":3,"minecraft:polished_deepslate_slab":42,"minecraft:rail":199,"minecraft:blue_dye":1,"minecraft:sand":7,"minecraft:stripped_dark_oak_log":2,"minecraft:oak_slab":3,"minecraft:crafting_table":8,"minecraft:white_bed":7,"minecraft:spruce_log":4,"minecraft:deepslate_brick_stairs":70,"minecraft:lever":23,"minecraft:diamond_pickaxe":3,"minecraft:dark_oak_log":57,"minecraft:bread":7,"minecraft:iron_pickaxe":773,"minecraft:oak_button":6,"minecraft:lectern":1251,"minecraft:spruce_trapdoor":7,"minecraft:gravel":14,"minecraft:golden_leggings":1,"minecraft:fire_charge":1,"minecraft:cobblestone":141,"minecraft:white_banner":1,"minecraft:andesite":5,"minecraft:bucket":140,"minecraft:glass_pane":3,"minecraft:stripped_oak_log":1}},"DataVersion":3953}