{"stats":{"minecraft:killed_by":{"minecraft:zombified_piglin":1,"minecraft:wither_skeleton":2,"minecraft:player":3,"minecraft:enderman":5,"minecraft:ender_dragon":2,"minecraft:skeleton":1},"minecraft:dropped":{"minecraft:baked_potato":37,"minecraft:glow_ink_sac":1,"minecraft:warped_roots":1,"minecraft:leather":2,"minecraft:rail":30,"minecraft:flint":2,"minecraft:dirt":51,"minecraft:snowball":4,"minecraft:chain":3,"minecraft:gold_nugget":1,"minecraft:pumpkin_pie":4,"minecraft:phantom_membrane":1,"minecraft:iron_pickaxe":1,"minecraft:bone":3,"minecraft:stone_axe":10,"minecraft:lever":1,"minecraft:iron_nugget":10,"minecraft:cherry_sapling":1,"minecraft:deepslate_brick_slab":4,"minecraft:rotten_flesh":8,"minecraft:golden_shovel":1,"minecraft:carrot":309,"minecraft:leather_chestplate":1,"minecraft:gunpowder":5,"minecraft:coal_ore":2,"minecraft:chainmail_boots":2,"minecraft:arrow":96,"minecraft:beef":3,"minecraft:iron_ingot":13,"minecraft:deepslate_diamond_ore":1,"minecraft:iron_helmet":11,"minecraft:cobblestone":9,"minecraft:book":64,"minecraft:granite":12,"minecraft:stick":21,"minecraft:lava_bucket":1,"minecraft:deepslate_brick_stairs":1,"minecraft:iron_leggings":2,"minecraft:iron_axe":18,"minecraft:iron_shovel":2,"minecraft:paper":11,"minecraft:string":746,"minecraft:bucket":2,"minecraft:stone_brick_slab":4,"minecraft:oak_trapdoor":1,"minecraft:stone_sword":1,"minecraft:iron_boots":1,"minecraft:stone_slab":4,"minecraft:oak_sign":3,"minecraft:potato":1218,"minecraft:cobblestone_slab":6,"minecraft:spruce_boat":1,"minecraft:stone":55,"minecraft:shield":9,"minecraft:iron_chestplate":1,"minecraft:oak_boat":1,"minecraft:redstone_torch":1,"minecraft:stone_bricks":1,"minecraft:stone_pickaxe":1},"minecraft:broken":{"minecraft:stone_pickaxe":1,"minecraft:iron_sword":1,"minecraft:iron_axe":7,"minecraft:iron_pickaxe":4},"minecraft:used":{"minecraft:tuff_bricks":13,"minecraft:iron_shovel":311,"minecraft:oak_sign":8,"minecraft:polished_basalt":15,"minecraft:chest":11,"minecraft:shield":22,"minecraft:stone":91,"minecraft:iron_sword":316,"minecraft:rotten_flesh":19,"minecraft:iron_chestplate":1,"minecraft:soul_sand":1,"minecraft:deepslate_tile_slab":5,"minecraft:carrot":143,"minecraft:deepslate_brick_slab":50,"minecraft:tuff":5,"minecraft:stripped_spruce_log":1,"minecraft:obsidian":1,"minecraft:glass":5,"minecraft:spruce_boat":29,"minecraft:lava_bucket":137,"minecraft:coal_ore":10,"minecraft:warped_nylium":8,"minecraft:iron_helmet":3,"minecraft:stone_bricks":114,"minecraft:spruce_hanging_sign":30,"minecraft:bow":105,"minecraft:oak_sapling":2,"minecraft:potato":2,"minecraft:light_blue_carpet":4,"minecraft:diorite":40,"minecraft:mossy_stone_bricks":8,"minecraft:diamond_boots":1,"minecraft:stone_pickaxe":148,"minecraft:powered_rail":4,"minecraft:oak_planks":9,"minecraft:ender_pearl":1,"minecraft:diamond_axe":107,"minecraft:white_wool":2,"minecraft:golden_apple":1,"minecraft:blue_dye":1,"minecraft:sand":7,"minecraft:blast_furnace":2,"minecraft:blue_ice":5,"minecraft:deepslate_brick_stairs":70,"minecraft:lever":24,"minecraft:dark_oak_log":57,"minecraft:bread":9,"minecraft:string":2,"minecraft:lectern":1309,"minecraft:deepslate":8,"minecraft:gravel":14,"minecraft:diamond_sword":189,"minecraft:fire_charge":1,"minecraft:grindstone":6,"minecraft:smithing_table":3,"minecraft:andesite":5,"minecraft:oak_boat":1,"minecraft:oak_trapdoor":7,"minecraft:iron_bars":2,"minecraft:enchanting_table":3,"minecraft:redstone":4,"minecraft:spruce_planks":24,"minecraft:tinted_glass":10,"minecraft:netherrack":83,"minecraft:torch":165,"minecraft:dirt":172,"minecraft:warped_wart_block":2,"minecraft:anvil":1,"minecraft:hopper":3,"minecraft:cobblestone_wall":2,"minecraft:golden_shovel":18,"minecraft:granite":6,"minecraft:iron_hoe":1,"minecraft:stone_brick_slab":208,"minecraft:bookshelf":15,"minecraft:iron_axe":1963,"minecraft:spruce_button":3,"minecraft:iron_boots":2,"minecraft:diamond_chestplate":1,"minecraft:basalt":7,"minecraft:glowstone":2,"minecraft:minecart":2,"minecraft:cobbled_deepslate":22,"minecraft:powder_snow_bucket":1,"minecraft:iron_leggings":3,"minecraft:pointed_dripstone":9,"minecraft:water_bucket":180,"minecraft:dark_oak_hanging_sign":21,"minecraft:glass_bottle":30,"minecraft:baked_potato":102,"minecraft:spruce_sign":4,"minecraft:cauldron":9,"minecraft:white_dye":2,"minecraft:fletching_table":5,"minecraft:stonecutter":1,"minecraft:glow_ink_sac":2,"minecraft:warped_roots":1,"minecraft:cracked_stone_bricks":3,"minecraft:deepslate_bricks":71,"minecraft:polished_deepslate_slab":42,"minecraft:rail":205,"minecraft:stripped_dark_oak_log":2,"minecraft:crafting_table":20,"minecraft:oak_slab":3,"minecraft:spider_eye":1,"minecraft:white_bed":33,"minecraft:spruce_log":4,"minecraft:warped_planks":14,"minecraft:ender_eye":10,"minecraft:diamond_pickaxe":623,"minecraft:warped_trapdoor":2,"minecraft:oak_button":6,"minecraft:iron_pickaxe":1285,"minecraft:spruce_trapdoor":7,"minecraft:golden_leggings":1,"minecraft:cobblestone":281,"minecraft:white_banner":1,"minecraft:bucket":323,"minecraft:glass_pane":3,"minecraft:pumpkin_pie":11,"minecraft:stripped_oak_log":1,"minecraft:kelp":25},"minecraft:custom":{"minecraft:interact_with_crafting_table":92,"minecraft:open_barrel":10,"minecraft:leave_game":20,"minecraft:time_since_death":2608,"minecraft:sprint_one_cm":2448571,"minecraft:damage_blocked_by_shield":1906,"minecraft:drop":436,"minecraft:talked_to_villager":2049,"minecraft:play_time":1043484,"minecraft:deaths":19,"minecraft:jump":12533,"minecraft:walk_on_water_one_cm":208764,"minecraft:enchant_item":3,"minecraft:interact_with_furnace":11,"minecraft:traded_with_villager":868,"minecraft:sleep_in_bed":34,"minecraft:damage_dealt":28595,"minecraft:player_kills":1,"minecraft:crouch_one_cm":209617,"minecraft:interact_with_smoker":45,"minecraft:use_cauldron":6,"minecraft:inspect_dispenser":16,"minecraft:interact_with_anvil":12,"minecraft:mob_kills":534,"minecraft:inspect_hopper":11,"minecraft:climb_one_cm":3184,"minecraft:walk_one_cm":2644524,"minecraft:sneak_time":61921,"minecraft:walk_under_water_one_cm":165476,"minecraft:boat_one_cm":73020,"minecraft:interact_with_blast_furnace":3,"minecraft:total_world_time":1043484,"minecraft:interact_with_grindstone":1,"minecraft:interact_with_stonecutter":5,"minecraft:time_since_rest":2631,"minecraft:damage_absorbed":40,"minecraft:damage_taken":13111,"minecraft:minecart_one_cm":2758,"minecraft:swim_one_cm":549418,"minecraft:fly_one_cm":3967574,"minecraft:open_chest":741,"minecraft:fall_one_cm":188002},"minecraft:mined":{"minecraft:spruce_planks":26,"minecraft:white_bed":29,"minecraft:light_blue_carpet":1,"minecraft:obsidian":4,"minecraft:spruce_trapdoor":4,"minecraft:granite":22,"minecraft:grass_block":49,"minecraft:deepslate_bricks":21,"minecraft:deepslate_tile_stairs":1,"minecraft:hopper":2,"minecraft:oak_wall_sign":1,"minecraft:nether_wart":9,"minecraft:tuff_bricks":38,"minecraft:spawner":1,"minecraft:tall_seagrass":10,"minecraft:iron_ore":1,"minecraft:cobbled_deepslate":1,"minecraft:fire":67,"minecraft:fletching_table":4,"minecraft:dark_oak_wall_hanging_sign":1,"minecraft:enchanting_table":2,"minecraft:polished_deepslate_slab":24,"minecraft:iron_bars":2,"minecraft:deepslate_brick_stairs":49,"minecraft:kelp_plant":20,"minecraft:amethyst_cluster":1,"minecraft:deepslate_tile_slab":4,"minecraft:powder_snow":23,"minecraft:torch":18,"minecraft:blast_furnace":2,"minecraft:calcite":1,"minecraft:chest":9,"minecraft:spruce_wall_sign":1,"minecraft:glass":3,"minecraft:cobblestone":219,"minecraft:oak_planks":22,"minecraft:sugar_cane":8,"minecraft:grindstone":4,"minecraft:wall_torch":22,"minecraft:amethyst_block":6,"minecraft:spruce_wall_hanging_sign":10,"minecraft:seagrass":13,"minecraft:warped_nylium":6,"minecraft:powered_rail":2,"minecraft:warped_planks":2,"minecraft:tinted_glass":8,"minecraft:warped_fungus":1,"minecraft:oak_log":18,"minecraft:sand":8,"minecraft:dirt":214,"minecraft:smooth_basalt":3,"minecraft:stonecutter":1,"minecraft:netherrack":214,"minecraft:oak_leaves":9,"minecraft:deepslate":317,"minecraft:tuff":34,"minecraft:mossy_cobblestone":58,"minecraft:deepslate_diamond_ore":18,"minecraft:dark_oak_log":9,"minecraft:end_stone":1,"minecraft:lever":22,"minecraft:nether_bricks":16,"minecraft:redstone_wire":4,"minecraft:spruce_leaves":69,"minecraft:large_fern":3,"minecraft:deepslate_brick_slab":20,"minecraft:oak_trapdoor":3,"minecraft:polished_basalt":6,"minecraft:snow":3,"minecraft:andesite":5,"minecraft:stripped_spruce_log":2,"minecraft:bookshelf":233,"minecraft:potatoes":1,"minecraft:rail":164,"minecraft:warped_stem":9,"minecraft:stripped_oak_log":1,"minecraft:packed_ice":46,"minecraft:stone":486,"minecraft:smithing_table":2,"minecraft:spruce_hanging_sign":19,"minecraft:oak_slab":3,"minecraft:soul_sand":20,"minecraft:snow_block":1,"minecraft:stripped_dark_oak_log":68,"minecraft:basalt":7,"minecraft:stone_brick_slab":78,"minecraft:crafting_table":13,"minecraft:short_grass":5,"minecraft:spruce_button":1,"minecraft:warped_roots":11,"minecraft:lectern":1283,"minecraft:deepslate_gold_ore":1,"minecraft:diorite":41,"minecraft:warped_wart_block":4,"minecraft:cobblestone_wall":2,"minecraft:ice":22,"minecraft:spruce_log":148,"minecraft:birch_leaves":1,"minecraft:dark_oak_hanging_sign":5,"minecraft:coal_ore":50,"minecraft:cherry_leaves":3,"minecraft:gravel":38,"minecraft:cracked_stone_bricks":3,"minecraft:oak_button":6,"minecraft:stone_bricks":25,"minecraft:mossy_stone_bricks":8},"minecraft:picked_up":{"minecraft:iron_chestplate":10,"minecraft:chainmail_boots":1,"minecraft:smithing_table":2,"minecraft:lead":4,"minecraft:diamond_sword":1,"minecraft:amethyst_block":6,"minecraft:string":1487,"minecraft:iron_leggings":12,"minecraft:oak_sign":9,"minecraft:diamond_leggings":1,"minecraft:cobbled_deepslate":448,"minecraft:bucket":24,"minecraft:spruce_planks":66,"minecraft:eye_armor_trim_smithing_template":1,"minecraft:redstone_torch":1,"minecraft:cobblestone_slab":6,"minecraft:calcite":1,"minecraft:iron_pickaxe":10,"minecraft:iron_boots":13,"minecraft:golden_helmet":1,"minecraft:stick":23,"minecraft:torch":105,"minecraft:diorite":40,"minecraft:warped_planks":23,"minecraft:deepslate_tile_stairs":1,"minecraft:stone_sword":1,"minecraft:rotten_flesh":147,"minecraft:polished_basalt":6,"minecraft:spruce_hanging_sign":29,"minecraft:blaze_rod":42,"minecraft:deepslate_brick_stairs":49,"minecraft:obsidian":4,"minecraft:iron_bars":2,"minecraft:snowball":4,"minecraft:cobblestone":677,"minecraft:enchanting_table":2,"minecraft:leather_chestplate":1,"minecraft:cooked_beef":3,"minecraft:magma_cream":10,"minecraft:water_bucket":16,"minecraft:andesite":5,"minecraft:potato":324,"minecraft:flint":31,"minecraft:tuff":61,"minecraft:dirt":466,"minecraft:glass":18,"minecraft:bone":53,"minecraft:stonecutter":1,"minecraft:bow":3,"minecraft:deepslate_brick_slab":39,"minecraft:raw_gold":12,"minecraft:grindstone":4,"minecraft:mossy_stone_bricks":8,"minecraft:fletching_table":5,"minecraft:diamond_helmet":1,"minecraft:powered_rail":4,"minecraft:oak_planks":24,"minecraft:warped_wart_block":5,"minecraft:sand":72,"minecraft:stripped_spruce_log":7,"minecraft:dark_oak_log":9,"minecraft:mossy_cobblestone":232,"minecraft:iron_hoe":3,"minecraft:diamond":6,"minecraft:deepslate":8,"minecraft:spruce_boat":37,"minecraft:lever":35,"minecraft:blue_ice":4,"minecraft:crossbow":2,"minecraft:granite":18,"minecraft:emerald":289,"minecraft:golden_horse_armor":5,"minecraft:spruce_button":2,"minecraft:spruce_sign":1,"minecraft:bread":157,"minecraft:oak_sapling":1,"minecraft:netherrack":574,"minecraft:diamond_pickaxe":7,"minecraft:crafting_table":17,"minecraft:nether_wart":52,"minecraft:packed_ice":45,"minecraft:chain":3,"minecraft:shield":8,"minecraft:dragon_breath":60,"minecraft:oak_trapdoor":3,"minecraft:iron_axe":14,"minecraft:flint_and_steel":1,"minecraft:iron_shovel":12,"minecraft:glass_pane":12,"minecraft:cracked_stone_bricks":3,"minecraft:deepslate_diamond_ore":13,"minecraft:oak_boat":2,"minecraft:iron_nugget":5,"minecraft:minecart":24,"minecraft:lectern":1284,"minecraft:tinted_glass":14,"minecraft:sugar_cane":15,"minecraft:chest":20,"minecraft:spruce_trapdoor":4,"minecraft:phantom_membrane":1,"minecraft:end_stone":23,"minecraft:polished_deepslate_slab":30,"minecraft:stone":359,"minecraft:carrot":690,"minecraft:redstone":4,"minecraft:dark_oak_planks":7,"minecraft:arrow":282,"minecraft:diamond_chestplate":2,"minecraft:pumpkin_pie":16,"minecraft:nether_bricks":46,"minecraft:deepslate_bricks":64,"minecraft:diamond_boots":1,"minecraft:tuff_bricks":38,"minecraft:mutton":3,"minecraft:rail":221,"minecraft:white_wool":126,"minecraft:stripped_oak_log":1,"minecraft:basalt":7,"minecraft:glow_ink_sac":3,"minecraft:leather":4,"minecraft:oak_log":23,"minecraft:cobblestone_wall":2,"minecraft:gunpowder":10,"minecraft:deepslate_tile_slab":20,"minecraft:paper":8,"minecraft:white_banner":1,"minecraft:stone_bricks":26,"minecraft:kelp":444,"minecraft:warped_stem":9,"minecraft:iron_ingot":52,"minecraft:stone_pickaxe":2,"minecraft:glass_bottle":66,"minecraft:iron_sword":10,"minecraft:soul_sand":42,"minecraft:book":943,"minecraft:oak_slab":3,"minecraft:smooth_basalt":3,"minecraft:warped_fungus":1,"minecraft:sweet_berries":2,"minecraft:stone_brick_slab":235,"minecraft:gravel":35,"minecraft:lava_bucket":9,"minecraft:amethyst_shard":4,"minecraft:spruce_sapling":35,"minecraft:blast_furnace":2,"minecraft:white_bed":36,"minecraft:spruce_log":148,"minecraft:spider_eye":1,"minecraft:diamond_shovel":1,"minecraft:coal_ore":54,"minecraft:white_concrete_powder":64,"minecraft:light_blue_carpet":13,"minecraft:iron_helmet":13,"minecraft:diamond_axe":3,"minecraft:dark_oak_hanging_sign":6,"minecraft:warped_roots":39,"minecraft:oak_button":6,"minecraft:baked_potato":46,"minecraft:warped_nylium":13,"minecraft:stripped_dark_oak_log":68,"minecraft:coal":28,"minecraft:hopper":5,"minecraft:ender_pearl":30},"minecraft:crafted":{"minecraft:grindstone":2,"minecraft:oak_planks":64,"minecraft:cobblestone_slab":6,"minecraft:oak_sign":9,"minecraft:blaze_powder":10,"minecraft:chain":22,"minecraft:diamond_shovel":1,"minecraft:lever":15,"minecraft:bookshelf":45,"minecraft:warped_planks":36,"minecraft:dark_oak_hanging_sign":66,"minecraft:hopper":1,"minecraft:stone_brick_slab":120,"minecraft:diamond_helmet":1,"minecraft:bow":3,"minecraft:diamond_leggings":1,"minecraft:iron_boots":1,"minecraft:chest":6,"minecraft:ender_eye":10,"minecraft:stone_bricks":152,"minecraft:glass_bottle":42,"minecraft:oak_slab":6,"minecraft:emerald":757,"minecraft:arrow":352,"minecraft:cauldron":9,"minecraft:diamond_axe":1,"minecraft:crafting_table":6,"minecraft:spruce_planks":452,"minecraft:iron_helmet":10,"minecraft:baked_potato":185,"minecraft:smithing_table":2,"minecraft:fletching_table":1,"minecraft:polished_deepslate_slab":6,"minecraft:lectern":30,"minecraft:iron_chestplate":2,"minecraft:book":2,"minecraft:paper":9,"minecraft:diamond_pickaxe":1,"minecraft:shield":11,"minecraft:stick":96,"minecraft:stone_slab":6,"minecraft:light_blue_dye":4,"minecraft:iron_ingot":693,"minecraft:iron_pickaxe":6,"minecraft:deepslate_bricks":64,"minecraft:iron_nugget":45,"minecraft:spruce_button":1,"minecraft:tinted_glass":2,"minecraft:warped_trapdoor":2,"minecraft:oak_trapdoor":6,"minecraft:blue_ice":5,"minecraft:polished_deepslate":68,"minecraft:iron_axe":23,"minecraft:spruce_slab":252,"minecraft:stone_pickaxe":3,"minecraft:diamond_boots":1,"minecraft:spruce_boat":5,"minecraft:diamond_sword":1,"minecraft:spruce_sign":6,"minecraft:enchanting_table":1,"minecraft:iron_sword":1,"minecraft:deepslate_brick_slab":30,"minecraft:light_blue_wool":2,"minecraft:bucket":11,"minecraft:stone_axe":10,"minecraft:enchanted_book":22,"minecraft:air":0,"minecraft:bread":60,"minecraft:blue_dye":3,"minecraft:light_blue_carpet":3,"minecraft:white_wool":215,"minecraft:white_dye":4,"minecraft:chainmail_boots":1,"minecraft:iron_shovel":2,"minecraft:iron_leggings":2,"minecraft:anvil":1,"minecraft:white_bed":12,"minecraft:pumpkin_pie":20,"minecraft:torch":96,"minecraft:diamond_chestplate":1},"minecraft:killed":{"minecraft:zombified_piglin":1,"minecraft:spider":2,"minecraft:skeleton":6,"minecraft:chicken":2,"minecraft:silverfish":3,"minecraft:magma_cube":90,"minecraft:zombie_villager":1,"minecraft:ender_dragon":1,"minecraft:creeper":4,"minecraft:trader_llama":4,"minecraft:zombie":329,"minecraft:glow_squid":1,"minecraft:blaze":53,"minecraft:cow":1,"minecraft:phantom":1,"minecraft:drowned":1,"minecraft:wandering_trader":2,"minecraft:wither_skeleton":1,"minecraft:villager":4,"minecraft:enderman":22}},"DataVersion":3953}