{"stats":{"minecraft:dropped":{"minecraft:iron_sword":1,"minecraft:glow_ink_sac":1,"minecraft:warped_roots":16,"minecraft:elytra":1,"minecraft:rail":30,"minecraft:leather_helmet":4,"minecraft:emerald":74,"minecraft:dirt":106,"minecraft:cherry_leaves":69,"minecraft:chain":3,"minecraft:gold_nugget":1,"minecraft:phantom_membrane":1,"minecraft:iron_pickaxe":2,"minecraft:white_wool":49,"minecraft:bone":3,"minecraft:stone_axe":10,"minecraft:lever":1,"minecraft:iron_nugget":10,"minecraft:cooked_chicken":1,"minecraft:deepslate_brick_slab":4,"minecraft:rotten_flesh":12,"minecraft:end_stone":227,"minecraft:golden_shovel":1,"minecraft:white_bed":3,"minecraft:coal_ore":2,"minecraft:beef":3,"minecraft:lectern":2,"minecraft:egg":1,"minecraft:enchanted_book":1,"minecraft:iron_ingot":1391,"minecraft:deepslate_diamond_ore":1,"minecraft:book":64,"minecraft:iron_helmet":11,"minecraft:cobblestone":9,"minecraft:granite":12,"minecraft:lava_bucket":1,"minecraft:golden_carrot":1,"minecraft:pumpkin":2,"minecraft:chainmail_leggings":2,"minecraft:iron_shovel":3,"minecraft:paper":26,"minecraft:string":1452,"minecraft:stone_brick_slab":35,"minecraft:snow_block":8,"minecraft:stone_sword":1,"minecraft:smooth_stone_slab":5,"minecraft:polished_deepslate_slab":14,"minecraft:iron_boots":1,"minecraft:stone_slab":4,"minecraft:nether_bricks":34,"minecraft:oak_sign":3,"minecraft:potato":1283,"minecraft:cobblestone_slab":6,"minecraft:spruce_boat":1,"minecraft:stone":57,"minecraft:powder_snow_bucket":1,"minecraft:diamond_pickaxe":1,"minecraft:redstone_torch":2,"minecraft:stone_bricks":1,"minecraft:bow":4,"minecraft:spruce_sign":2,"minecraft:warped_stem":2,"minecraft:warped_fungus":4,"minecraft:baked_potato":322,"minecraft:ender_pearl":697,"minecraft:leather":2,"minecraft:flint":2,"minecraft:snowball":6,"minecraft:pumpkin_pie":4,"minecraft:cherry_sapling":2,"minecraft:carrot":309,"minecraft:leather_chestplate":1,"minecraft:gunpowder":347,"minecraft:beetroot_seeds":2,"minecraft:chainmail_boots":4,"minecraft:basalt":13,"minecraft:arrow":162,"minecraft:powered_rail":4,"minecraft:netherrack":231,"minecraft:firework_rocket":3,"minecraft:bread":6,"minecraft:minecart":1,"minecraft:ominous_trial_key":4,"minecraft:stick":46,"minecraft:iron_block":105,"minecraft:deepslate_brick_stairs":1,"minecraft:iron_leggings":2,"minecraft:stonecutter":1,"minecraft:iron_axe":20,"minecraft:pink_petals":29,"minecraft:bucket":6,"minecraft:warped_nylium":48,"minecraft:oak_trapdoor":1,"minecraft:flint_and_steel":1,"minecraft:shield":9,"minecraft:trial_key":1,"minecraft:iron_chestplate":2,"minecraft:oak_boat":1,"minecraft:diamond_boots":2,"minecraft:spruce_log":3,"minecraft:stone_pickaxe":1,"minecraft:nether_quartz_ore":1,"minecraft:magma_cream":1},"minecraft:custom":{"minecraft:interact_with_crafting_table":207,"minecraft:open_barrel":22,"minecraft:leave_game":35,"minecraft:time_since_death":215630,"minecraft:damage_blocked_by_shield":4336,"minecraft:play_time":2077420,"minecraft:deaths":37,"minecraft:jump":25726,"minecraft:enchant_item":3,"minecraft:interact_with_furnace":64,"minecraft:traded_with_villager":1497,"minecraft:sleep_in_bed":56,"minecraft:damage_dealt":70296,"minecraft:interact_with_smoker":82,"minecraft:use_cauldron":33,"minecraft:inspect_dispenser":23,"minecraft:horse_one_cm":255,"minecraft:interact_with_anvil":28,"minecraft:inspect_hopper":126,"minecraft:sneak_time":162467,"minecraft:interact_with_blast_furnace":3,"minecraft:total_world_time":2077420,"minecraft:interact_with_stonecutter":5,"minecraft:time_since_rest":12055,"minecraft:swim_one_cm":999514,"minecraft:fly_one_cm":6488291,"minecraft:open_chest":1912,"minecraft:fall_one_cm":496827,"minecraft:open_shulker_box":94,"minecraft:sprint_one_cm":4736885,"minecraft:drop":645,"minecraft:talked_to_villager":2429,"minecraft:walk_on_water_one_cm":371399,"minecraft:open_enderchest":23,"minecraft:player_kills":2,"minecraft:crouch_one_cm":632678,"minecraft:mob_kills":1484,"minecraft:climb_one_cm":157616,"minecraft:walk_one_cm":4891360,"minecraft:walk_under_water_one_cm":571160,"minecraft:boat_one_cm":153712,"minecraft:interact_with_grindstone":4,"minecraft:damage_taken":32207,"minecraft:damage_absorbed":40,"minecraft:minecart_one_cm":2758,"minecraft:aviate_one_cm":7713138},"minecraft:crafted":{"minecraft:ender_chest":1,"minecraft:oak_sign":9,"minecraft:blaze_powder":12,"minecraft:chain":22,"minecraft:lever":18,"minecraft:diamond_shovel":2,"minecraft:bookshelf":45,"minecraft:shulker_box":5,"minecraft:dark_oak_hanging_sign":66,"minecraft:mace":2,"minecraft:glass":148,"minecraft:diamond_helmet":2,"minecraft:repeater":1,"minecraft:diamond_leggings":2,"minecraft:stone_pressure_plate":3,"minecraft:white_shulker_box":1,"minecraft:glass_bottle":42,"minecraft:emerald":1366,"minecraft:soul_campfire":14,"minecraft:diamond_axe":1,"minecraft:smithing_table":2,"minecraft:fletching_table":1,"minecraft:polished_deepslate_slab":6,"minecraft:lectern":30,"minecraft:crafter":2,"minecraft:stone_slab":6,"minecraft:iron_pickaxe":6,"minecraft:light_blue_bed":1,"minecraft:spruce_fence_gate":9,"minecraft:smooth_stone_slab":6,"minecraft:iron_nugget":45,"minecraft:tinted_glass":2,"minecraft:warped_trapdoor":2,"minecraft:ladder":171,"minecraft:spruce_slab":252,"minecraft:red_shulker_box":1,"minecraft:stone_pickaxe":3,"minecraft:diamond_boots":2,"minecraft:spruce_boat":6,"minecraft:redstone_block":1,"minecraft:enchanting_table":1,"minecraft:deepslate_brick_slab":30,"minecraft:light_blue_wool":2,"minecraft:enchanted_book":37,"minecraft:light_blue_carpet":3,"minecraft:chainmail_boots":1,"minecraft:iron_shovel":2,"minecraft:iron_leggings":2,"minecraft:armor_stand":1,"minecraft:white_bed":13,"minecraft:grindstone":2,"minecraft:oak_planks":100,"minecraft:cobblestone_slab":6,"minecraft:barrel":2,"minecraft:warped_planks":100,"minecraft:hopper":26,"minecraft:stone_brick_slab":414,"minecraft:bow":4,"minecraft:iron_boots":1,"minecraft:comparator":4,"minecraft:chest":47,"minecraft:ender_eye":12,"minecraft:stone_bricks":1620,"minecraft:dropper":2,"minecraft:oak_slab":6,"minecraft:arrow":352,"minecraft:cauldron":9,"minecraft:crafting_table":7,"minecraft:spruce_planks":3636,"minecraft:baked_potato":531,"minecraft:iron_helmet":10,"minecraft:pumpkin_seeds":20,"minecraft:dispenser":1,"minecraft:spruce_trapdoor":896,"minecraft:book":2,"minecraft:iron_chestplate":2,"minecraft:paper":207,"minecraft:diamond_pickaxe":2,"minecraft:shield":11,"minecraft:stick":564,"minecraft:warped_slab":6,"minecraft:light_blue_dye":4,"minecraft:iron_ingot":1431,"minecraft:snow_block":90,"minecraft:redstone_torch":16,"minecraft:deepslate_bricks":64,"minecraft:shears":3,"minecraft:cherry_planks":16,"minecraft:spruce_button":18,"minecraft:piston":1,"minecraft:oak_trapdoor":6,"minecraft:flint_and_steel":1,"minecraft:blue_ice":5,"minecraft:polished_deepslate":68,"minecraft:iron_axe":23,"minecraft:iron_hoe":1,"minecraft:observer":2,"minecraft:red_dye":1,"minecraft:diamond_sword":2,"minecraft:spruce_sign":6,"minecraft:iron_sword":1,"minecraft:bucket":30,"minecraft:stone_axe":10,"minecraft:air":0,"minecraft:bread":60,"minecraft:blue_dye":3,"minecraft:oak_boat":1,"minecraft:white_wool":215,"minecraft:white_dye":5,"minecraft:anvil":2,"minecraft:pumpkin_pie":20,"minecraft:torch":196,"minecraft:diamond_chestplate":2,"minecraft:firework_rocket":405},"minecraft:used":{"minecraft:beetroot":1,"minecraft:tuff_bricks":35,"minecraft:chiseled_tuff":1,"minecraft:elytra":3,"minecraft:ladder":115,"minecraft:chest":41,"minecraft:stone":100,"minecraft:white_shulker_box":2,"minecraft:rotten_flesh":23,"minecraft:soul_sand":1,"minecraft:crafter":16,"minecraft:deepslate_brick_slab":50,"minecraft:snowball":3,"minecraft:stripped_spruce_log":1,"minecraft:spruce_boat":31,"minecraft:lava_bucket":178,"minecraft:grass_block":6,"minecraft:cherry_leaves":557,"minecraft:bow":117,"minecraft:ominous_bottle":2,"minecraft:oak_sapling":3,"minecraft:egg":2,"minecraft:potato":12,"minecraft:dragon_head":1,"minecraft:magenta_shulker_box":1,"minecraft:light_blue_carpet":4,"minecraft:short_grass":5,"minecraft:mossy_stone_bricks":8,"minecraft:diorite":40,"minecraft:powered_rail":4,"minecraft:blackstone":23,"minecraft:composter":4,"minecraft:purpur_pillar":1,"minecraft:golden_apple":1,"minecraft:blue_dye":1,"minecraft:sand":7,"minecraft:blast_furnace":2,"minecraft:blue_ice":5,"minecraft:pumpkin_seeds":14,"minecraft:deepslate_brick_stairs":70,"minecraft:lectern":1549,"minecraft:chiseled_tuff_bricks":11,"minecraft:diamond_sword":935,"minecraft:fire_charge":1,"minecraft:smithing_table":3,"minecraft:oak_boat":3,"minecraft:oak_trapdoor":7,"minecraft:iron_bars":2,"minecraft:enchanting_table":3,"minecraft:carved_pumpkin":32,"minecraft:armor_stand":4,"minecraft:tinted_glass":10,"minecraft:trial_key":5,"minecraft:netherrack":288,"minecraft:torch":311,"minecraft:warped_wart_block":7,"minecraft:anvil":2,"minecraft:nether_quartz_ore":3,"minecraft:golden_shovel":18,"minecraft:red_shulker_box":1,"minecraft:iron_axe":1992,"minecraft:iron_block":35,"minecraft:spruce_button":20,"minecraft:barrel":2,"minecraft:diamond_chestplate":3,"minecraft:basalt":290,"minecraft:glowstone":2,"minecraft:cobbled_deepslate":22,"minecraft:observer":3,"minecraft:pointed_dripstone":9,"minecraft:water_bucket":383,"minecraft:warped_stem":1,"minecraft:cauldron":9,"minecraft:fletching_table":5,"minecraft:cracked_stone_bricks":3,"minecraft:glow_ink_sac":2,"minecraft:spruce_fence_gate":9,"minecraft:deepslate_bricks":71,"minecraft:polished_blackstone_bricks":4,"minecraft:polished_deepslate_slab":42,"minecraft:rail":227,"minecraft:comparator":16,"minecraft:oak_slab":3,"minecraft:crafting_table":22,"minecraft:white_bed":40,"minecraft:spruce_log":17,"minecraft:ender_eye":10,"minecraft:ominous_trial_key":3,"minecraft:diamond_pickaxe":3848,"minecraft:warped_trapdoor":2,"minecraft:diamond_shovel":228,"minecraft:oak_button":8,"minecraft:iron_pickaxe":1285,"minecraft:spruce_trapdoor":897,"minecraft:spruce_sapling":66,"minecraft:cobblestone":284,"minecraft:potion":1,"minecraft:porkchop":1,"minecraft:glass_pane":3,"minecraft:stripped_oak_log":1,"minecraft:kelp":25,"minecraft:diamond_leggings":2,"minecraft:iron_shovel":331,"minecraft:oak_sign":8,"minecraft:polished_basalt":15,"minecraft:shield":65,"minecraft:iron_sword":316,"minecraft:soul_campfire":17,"minecraft:iron_chestplate":1,"minecraft:mutton":1,"minecraft:carrot":144,"minecraft:deepslate_tile_slab":20,"minecraft:tuff":5,"minecraft:obsidian":22,"minecraft:glass":195,"minecraft:waxed_oxidized_copper":6,"minecraft:waxed_oxidized_copper_grate":6,"minecraft:coal_ore":55,"minecraft:warped_nylium":70,"minecraft:iron_helmet":3,"minecraft:light_blue_bed":2,"minecraft:stone_bricks":2759,"minecraft:spruce_hanging_sign":30,"minecraft:beetroot_seeds":2,"minecraft:diamond_boots":5,"minecraft:stone_pickaxe":227,"minecraft:oak_planks":16,"minecraft:ender_pearl":11,"minecraft:redstone_block":1,"minecraft:sugar_cane":75,"minecraft:diamond_axe":1439,"minecraft:white_wool":2,"minecraft:end_stone":474,"minecraft:shears":712,"minecraft:redstone_torch":2,"minecraft:lever":36,"minecraft:firework_rocket":336,"minecraft:mace":1,"minecraft:dark_oak_log":57,"minecraft:string":4,"minecraft:bread":12,"minecraft:warped_slab":4,"minecraft:deepslate":8,"minecraft:gravel":14,"minecraft:grindstone":6,"minecraft:andesite":5,"minecraft:bone_meal":82,"minecraft:oak_fence":17,"minecraft:purpur_block":1,"minecraft:flint_and_steel":2,"minecraft:redstone":7,"minecraft:spruce_planks":42,"minecraft:ender_chest":10,"minecraft:cooked_chicken":2,"minecraft:dirt":240,"minecraft:hopper":39,"minecraft:cobblestone_wall":2,"minecraft:diamond_helmet":4,"minecraft:shulker_box":26,"minecraft:granite":6,"minecraft:iron_hoe":16,"minecraft:stone_brick_slab":503,"minecraft:bookshelf":15,"minecraft:cherry_trapdoor":4,"minecraft:iron_boots":2,"minecraft:deepslate_tile_stairs":1,"minecraft:minecart":2,"minecraft:stone_pressure_plate":5,"minecraft:cooked_beef":1,"minecraft:powder_snow_bucket":18,"minecraft:pumpkin":12,"minecraft:iron_leggings":3,"minecraft:cobblestone_stairs":1,"minecraft:snow_block":65,"minecraft:dark_oak_hanging_sign":21,"minecraft:glass_bottle":30,"minecraft:baked_potato":399,"minecraft:spruce_sign":5,"minecraft:white_dye":2,"minecraft:stonecutter":1,"minecraft:waxed_copper_block":2,"minecraft:warped_roots":1,"minecraft:stripped_dark_oak_log":2,"minecraft:spider_eye":1,"minecraft:warped_planks":14,"minecraft:polished_tuff_slab":1,"minecraft:piston":2,"minecraft:golden_leggings":1,"minecraft:tuff_brick_slab":1,"minecraft:white_banner":1,"minecraft:bucket":591,"minecraft:pumpkin_pie":11},"minecraft:broken":{"minecraft:shears":3,"minecraft:iron_sword":1,"minecraft:iron_axe":7,"minecraft:iron_pickaxe":4,"minecraft:stone_pickaxe":1,"minecraft:diamond_boots":1},"minecraft:killed":{"minecraft:shulker":24,"minecraft:skeleton":9,"minecraft:chicken":2,"minecraft:magma_cube":114,"minecraft:salmon":8,"minecraft:ender_dragon":1,"minecraft:pillager":4,"minecraft:zombie":409,"minecraft:glow_squid":1,"minecraft:cow":1,"minecraft:snow_golem":14,"minecraft:wandering_trader":2,"minecraft:breeze":9,"minecraft:enderman":332,"minecraft:zombified_piglin":1,"minecraft:spider":4,"minecraft:silverfish":10,"minecraft:pig":1,"minecraft:zombie_villager":1,"minecraft:creeper":6,"minecraft:sheep":5,"minecraft:trader_llama":4,"minecraft:stray":38,"minecraft:blaze":55,"minecraft:phantom":1,"minecraft:drowned":3,"minecraft:wither_skeleton":10,"minecraft:villager":4},"minecraft:picked_up":{"minecraft:iron_chestplate":11,"minecraft:chainmail_boots":3,"minecraft:flower_pot":2,"minecraft:smithing_table":2,"minecraft:lead":4,"minecraft:diamond_sword":10,"minecraft:enchanted_book":10,"minecraft:brewing_stand":8,"minecraft:amethyst_block":6,"minecraft:soul_soil":1,"minecraft:string":2902,"minecraft:beetroot":1,"minecraft:diamond_leggings":11,"minecraft:cobbled_deepslate":448,"minecraft:spruce_planks":70,"minecraft:trial_key":8,"minecraft:golden_helmet":2,"minecraft:purpur_pillar":2,"minecraft:cherry_log":4,"minecraft:warped_planks":23,"minecraft:deepslate_tile_stairs":17,"minecraft:stone_sword":3,"minecraft:honey_bottle":2,"minecraft:polished_basalt":6,"minecraft:carved_pumpkin":33,"minecraft:iron_block":81,"minecraft:end_rod":1,"minecraft:blaze_rod":46,"minecraft:iron_bars":2,"minecraft:snowball":398,"minecraft:cooked_beef":6,"minecraft:cherry_leaves":692,"minecraft:water_bucket":26,"minecraft:powder_snow_bucket":1,"minecraft:flint":31,"minecraft:stonecutter":3,"minecraft:diamond_helmet":11,"minecraft:warped_wart_block":10,"minecraft:stripped_spruce_log":9,"minecraft:dark_oak_log":9,"minecraft:iron_hoe":3,"minecraft:deepslate":39,"minecraft:lever":55,"minecraft:blue_ice":4,"minecraft:granite":18,"minecraft:golden_horse_armor":5,"minecraft:spruce_button":2,"minecraft:bread":166,"minecraft:ominous_trial_key":11,"minecraft:diamond_pickaxe":18,"minecraft:crafting_table":18,"minecraft:tuff_brick_slab":1,"minecraft:nether_wart":52,"minecraft:dragon_head":3,"minecraft:purpur_block":4,"minecraft:wind_charge":30,"minecraft:flow_banner_pattern":2,"minecraft:elytra":8,"minecraft:flint_and_steel":2,"minecraft:iron_shovel":21,"minecraft:glass_pane":12,"minecraft:cracked_stone_bricks":3,"minecraft:deepslate_diamond_ore":13,"minecraft:chiseled_tuff":2,"minecraft:iron_nugget":5,"minecraft:poppy":1,"minecraft:minecart":32,"minecraft:guster_pottery_sherd":2,"minecraft:chest":63,"minecraft:piston":2,"minecraft:waxed_oxidized_copper":6,"minecraft:egg":3,"minecraft:polished_deepslate_slab":37,"minecraft:stone":2703,"minecraft:flow_pottery_sherd":4,"minecraft:mace":1,"minecraft:carrot":1847,"minecraft:redstone":4,"minecraft:diamond_chestplate":8,"minecraft:beetroot_seeds":4,"minecraft:deepslate_bricks":64,"minecraft:shears":2,"minecraft:diamond_boots":16,"minecraft:flow_armor_trim_smithing_template":1,"minecraft:white_shulker_box":2,"minecraft:tuff_bricks":79,"minecraft:mutton":19,"minecraft:white_wool":132,"minecraft:rail":502,"minecraft:stripped_oak_log":1,"minecraft:red_glazed_terracotta":1,"minecraft:crafter":14,"minecraft:oak_log":30,"minecraft:paper":50,"minecraft:white_banner":2,"minecraft:stone_bricks":683,"minecraft:kelp":444,"minecraft:warped_stem":12,"minecraft:stone_pickaxe":6,"minecraft:iron_ore":3,"minecraft:glass_bottle":66,"minecraft:iron_sword":10,"minecraft:smooth_basalt":3,"minecraft:sweet_berries":4,"minecraft:gravel":35,"minecraft:spruce_sapling":157,"minecraft:spruce_log":1007,"minecraft:polished_tuff":4,"minecraft:dragon_egg":1,"minecraft:leather_helmet":7,"minecraft:diamond_shovel":8,"minecraft:firework_rocket":888,"minecraft:coal_ore":104,"minecraft:short_grass":9,"minecraft:light_blue_carpet":13,"minecraft:diamond_axe":8,"minecraft:dark_oak_hanging_sign":6,"minecraft:warped_roots":58,"minecraft:oak_button":8,"minecraft:baked_potato":1908,"minecraft:warped_nylium":124,"minecraft:stripped_dark_oak_log":68,"minecraft:hopper":20,"minecraft:ender_pearl":554,"minecraft:shulker_shell":13,"minecraft:ender_chest":14,"minecraft:potion":10,"minecraft:armor_stand":3,"minecraft:iron_leggings":12,"minecraft:oak_sign":9,"minecraft:comparator":12,"minecraft:bucket":96,"minecraft:eye_armor_trim_smithing_template":1,"minecraft:redstone_torch":7,"minecraft:cobblestone_slab":6,"minecraft:ender_eye":1,"minecraft:calcite":1,"minecraft:iron_pickaxe":11,"minecraft:iron_boots":13,"minecraft:tipped_arrow":27,"minecraft:stick":131,"minecraft:oak_fence":4,"minecraft:torch":151,"minecraft:porkchop":1,"minecraft:snow_block":56,"minecraft:diorite":52,"minecraft:rotten_flesh":218,"minecraft:spruce_hanging_sign":29,"minecraft:deepslate_brick_stairs":49,"minecraft:obsidian":31,"minecraft:cobblestone":721,"minecraft:enchanting_table":2,"minecraft:pink_petals":29,"minecraft:leather_chestplate":1,"minecraft:magma_cream":12,"minecraft:andesite":5,"minecraft:potato":1017,"minecraft:magenta_dye":15,"minecraft:tuff":61,"minecraft:dirt":550,"minecraft:glass":238,"minecraft:bone":289,"minecraft:bow":16,"minecraft:wheat_seeds":1,"minecraft:deepslate_brick_slab":39,"minecraft:raw_gold":12,"minecraft:grindstone":4,"minecraft:mossy_stone_bricks":8,"minecraft:fletching_table":5,"minecraft:powered_rail":29,"minecraft:scrape_pottery_sherd":6,"minecraft:oak_planks":34,"minecraft:sand":155,"minecraft:dead_bush":3,"minecraft:grass_block":6,"minecraft:shulker_box":26,"minecraft:mossy_cobblestone":232,"minecraft:sugar":2,"minecraft:diamond":6,"minecraft:spruce_boat":42,"minecraft:waxed_oxidized_copper_grate":14,"minecraft:crossbow":2,"minecraft:breeze_rod":53,"minecraft:bone_meal":485,"minecraft:spruce_sign":11,"minecraft:emerald":467,"minecraft:oak_sapling":2,"minecraft:netherrack":1039,"minecraft:allium":19,"minecraft:ladder":43,"minecraft:packed_ice":49,"minecraft:diamond_horse_armor":5,"minecraft:chain":3,"minecraft:brick":179,"minecraft:shield":12,"minecraft:dragon_breath":60,"minecraft:oak_trapdoor":3,"minecraft:iron_axe":22,"minecraft:blackstone":28,"minecraft:oak_boat":4,"minecraft:observer":1,"minecraft:lectern":1525,"minecraft:tinted_glass":14,"minecraft:sugar_cane":803,"minecraft:spruce_trapdoor":85,"minecraft:cherry_trapdoor":2,"minecraft:phantom_membrane":1,"minecraft:end_stone":778,"minecraft:polished_blackstone_bricks":4,"minecraft:light_blue_bed":1,"minecraft:stone_pressure_plate":2,"minecraft:dark_oak_planks":7,"minecraft:arrow":721,"minecraft:red_shulker_box":1,"minecraft:pumpkin_pie":16,"minecraft:nether_bricks":80,"minecraft:soul_campfire":1,"minecraft:basalt":313,"minecraft:golden_carrot":4,"minecraft:glow_ink_sac":3,"minecraft:salmon":8,"minecraft:leather":4,"minecraft:waxed_copper_bulb":1,"minecraft:waxed_copper_block":7,"minecraft:gunpowder":3229,"minecraft:cobblestone_wall":2,"minecraft:cobblestone_stairs":1,"minecraft:deepslate_tile_slab":44,"minecraft:iron_ingot":588,"minecraft:polished_tuff_slab":1,"minecraft:cooked_chicken":3,"minecraft:soul_sand":108,"minecraft:book":1005,"minecraft:oak_slab":3,"minecraft:warped_fungus":5,"minecraft:nether_quartz_ore":5,"minecraft:emerald_block":2,"minecraft:pumpkin":19,"minecraft:stone_brick_slab":271,"minecraft:lava_bucket":10,"minecraft:amethyst_shard":4,"minecraft:blast_furnace":2,"minecraft:white_bed":46,"minecraft:spider_eye":1,"minecraft:pumpkin_seeds":147,"minecraft:white_concrete_powder":64,"minecraft:chainmail_leggings":2,"minecraft:iron_helmet":13,"minecraft:cherry_sapling":1,"minecraft:chiseled_tuff_bricks":11,"minecraft:coal":78},"minecraft:mined":{"minecraft:dragon_wall_head":1,"minecraft:red_shulker_box":1,"minecraft:white_bed":36,"minecraft:cherry_log":2,"minecraft:light_blue_carpet":1,"minecraft:carved_pumpkin":32,"minecraft:obsidian":31,"minecraft:potted_dead_bush":2,"minecraft:granite":22,"minecraft:deepslate_bricks":21,"minecraft:deepslate_tile_stairs":1,"minecraft:chiseled_tuff_bricks":11,"minecraft:hopper":16,"minecraft:oak_wall_sign":1,"minecraft:nether_wart":9,"minecraft:spawner":1,"minecraft:polished_blackstone_bricks":4,"minecraft:tall_seagrass":10,"minecraft:cobbled_deepslate":1,"minecraft:fire":76,"minecraft:pumpkin":19,"minecraft:fletching_table":4,"minecraft:enchanting_table":2,"minecraft:polished_deepslate_slab":24,"minecraft:deepslate_brick_stairs":49,"minecraft:white_shulker_box":2,"minecraft:iron_block":35,"minecraft:tripwire":1,"minecraft:kelp_plant":20,"minecraft:amethyst_cluster":1,"minecraft:deepslate_tile_slab":9,"minecraft:powder_snow":83,"minecraft:torch":56,"minecraft:blast_furnace":2,"minecraft:spruce_wall_sign":1,"minecraft:glass":31,"minecraft:sugar_cane":266,"minecraft:amethyst_block":6,"minecraft:waxed_copper_bulb":1,"minecraft:tinted_glass":8,"minecraft:waxed_copper_block":7,"minecraft:pumpkin_stem":2,"minecraft:warped_fungus":1,"minecraft:smooth_basalt":3,"minecraft:stonecutter":2,"minecraft:piston":2,"minecraft:deepslate":348,"minecraft:mossy_cobblestone":58,"minecraft:dark_oak_log":9,"minecraft:shulker_box":25,"minecraft:end_stone":709,"minecraft:crafter":14,"minecraft:nether_bricks":50,"minecraft:redstone_wire":4,"minecraft:snow":6,"minecraft:andesite":5,"minecraft:chiseled_tuff":2,"minecraft:potatoes":1,"minecraft:rail":227,"minecraft:warped_stem":12,"minecraft:ender_chest":10,"minecraft:smithing_table":2,"minecraft:spruce_hanging_sign":19,"minecraft:oak_slab":3,"minecraft:comparator":12,"minecraft:soul_sand":86,"minecraft:stone_brick_slab":108,"minecraft:observer":1,"minecraft:spruce_button":1,"minecraft:short_grass":13,"minecraft:warped_roots":13,"minecraft:purpur_pillar":2,"minecraft:tall_grass":2,"minecraft:deepslate_gold_ore":1,"minecraft:diorite":53,"minecraft:warped_wart_block":9,"minecraft:light_blue_bed":1,"minecraft:cobblestone_wall":2,"minecraft:spruce_log":1015,"minecraft:birch_leaves":2,"minecraft:gravel":38,"minecraft:oak_button":7,"minecraft:stone_bricks":198,"minecraft:stone_pressure_plate":2,"minecraft:spruce_planks":30,"minecraft:cobblestone_stairs":1,"minecraft:brewing_stand":2,"minecraft:spruce_trapdoor":41,"minecraft:cherry_trapdoor":2,"minecraft:grass_block":65,"minecraft:tuff_brick_slab":1,"minecraft:composter":2,"minecraft:tuff_bricks":79,"minecraft:iron_ore":4,"minecraft:polished_tuff":4,"minecraft:dark_oak_wall_hanging_sign":1,"minecraft:iron_bars":2,"minecraft:polished_tuff_slab":1,"minecraft:blackstone":30,"minecraft:calcite":1,"minecraft:poppy":1,"minecraft:chest":32,"minecraft:nether_quartz_ore":4,"minecraft:cobblestone":229,"minecraft:grindstone":4,"minecraft:oak_planks":26,"minecraft:wall_torch":30,"minecraft:spruce_wall_hanging_sign":10,"minecraft:seagrass":13,"minecraft:warped_nylium":135,"minecraft:powered_rail":6,"minecraft:warped_planks":2,"minecraft:purpur_block":4,"minecraft:oak_log":25,"minecraft:beetroots":1,"minecraft:waxed_oxidized_copper":6,"minecraft:sand":91,"minecraft:dirt":240,"minecraft:netherrack":674,"minecraft:oak_leaves":18,"minecraft:tuff":34,"minecraft:deepslate_diamond_ore":18,"minecraft:lever":29,"minecraft:ladder":1,"minecraft:decorated_pot":24,"minecraft:soul_campfire":3,"minecraft:spruce_leaves":106,"minecraft:large_fern":4,"minecraft:deepslate_brick_slab":20,"minecraft:oak_trapdoor":3,"minecraft:spruce_sapling":21,"minecraft:polished_basalt":6,"minecraft:nether_sprouts":1,"minecraft:stripped_spruce_log":4,"minecraft:bookshelf":233,"minecraft:stripped_oak_log":1,"minecraft:packed_ice":47,"minecraft:stone":1387,"minecraft:snow_block":44,"minecraft:stripped_dark_oak_log":68,"minecraft:basalt":336,"minecraft:oak_fence":4,"minecraft:crafting_table":14,"minecraft:lectern":1524,"minecraft:red_glazed_terracotta":1,"minecraft:waxed_oxidized_copper_grate":7,"minecraft:redstone_torch":1,"minecraft:sweet_berry_bush":1,"minecraft:ice":25,"minecraft:dark_oak_hanging_sign":5,"minecraft:coal_ore":125,"minecraft:cherry_leaves":689,"minecraft:end_rod":1,"minecraft:cracked_stone_bricks":3,"minecraft:mossy_stone_bricks":8},"minecraft:killed_by":{"minecraft:zombie":8,"minecraft:stray":2,"minecraft:ender_dragon":2,"minecraft:zombified_piglin":1,"minecraft:wither_skeleton":3,"minecraft:creeper":1,"minecraft:player":3,"minecraft:enderman":5,"minecraft:skeleton":1}},"DataVersion":3953}