{"stats":{"minecraft:dropped":{"minecraft:iron_nugget":8,"minecraft:golden_shovel":1,"minecraft:dirt":2,"minecraft:deepslate_brick_stairs":1,"minecraft:snowball":4,"minecraft:gold_nugget":1},"minecraft:used":{"minecraft:water_bucket":7,"minecraft:iron_shovel":1,"minecraft:redstone":4,"minecraft:baked_potato":1,"minecraft:oak_planks":1,"minecraft:polished_basalt":15,"minecraft:spruce_planks":3,"minecraft:cauldron":9,"minecraft:torch":4,"minecraft:polished_deepslate_slab":24,"minecraft:dirt":4,"minecraft:sand":5,"minecraft:oak_slab":3,"minecraft:deepslate_brick_slab":9,"minecraft:white_bed":1,"minecraft:golden_shovel":18,"minecraft:deepslate_brick_stairs":56,"minecraft:lever":1,"minecraft:lava_bucket":4,"minecraft:iron_axe":27,"minecraft:oak_button":6,"minecraft:iron_pickaxe":70,"minecraft:spruce_trapdoor":7,"minecraft:golden_leggings":1,"minecraft:fire_charge":1,"minecraft:glowstone":2,"minecraft:bucket":9,"minecraft:glass_pane":3,"minecraft:pointed_dripstone":9},"minecraft:custom":{"minecraft:inspect_hopper":4,"minecraft:interact_with_crafting_table":3,"minecraft:interact_with_stonecutter":3,"minecraft:time_since_death":30566,"minecraft:time_since_rest":30589,"minecraft:sprint_one_cm":73936,"minecraft:damage_taken":237,"minecraft:walk_one_cm":102429,"minecraft:drop":6,"minecraft:swim_one_cm":19345,"minecraft:talked_to_villager":4,"minecraft:fly_one_cm":111964,"minecraft:open_chest":91,"minecraft:crouch_one_cm":34679,"minecraft:play_time":35596,"minecraft:deaths":1,"minecraft:sneak_time":7415,"minecraft:walk_under_water_one_cm":3025,"minecraft:jump":528,"minecraft:walk_on_water_one_cm":8806,"minecraft:total_world_time":35596,"minecraft:interact_with_smoker":3,"minecraft:inspect_dispenser":1,"minecraft:fall_one_cm":5659},"minecraft:mined":{"minecraft:oak_slab":3,"minecraft:spruce_planks":3,"minecraft:white_bed":1,"minecraft:snow_block":1,"minecraft:powder_snow":7,"minecraft:torch":1,"minecraft:spruce_trapdoor":4,"minecraft:lever":1,"minecraft:short_grass":2,"minecraft:grass_block":6,"minecraft:chest":1,"minecraft:redstone_wire":4,"minecraft:deepslate_bricks":2,"minecraft:oak_planks":6,"minecraft:wall_torch":2,"minecraft:deepslate_brick_slab":7,"minecraft:polished_basalt":6,"minecraft:polished_deepslate_slab":16,"minecraft:deepslate_brick_stairs":35,"minecraft:dirt":1,"minecraft:oak_button":6,"minecraft:deepslate":2},"minecraft:picked_up":{"minecraft:crafting_table":2,"minecraft:iron_chestplate":1,"minecraft:water_bucket":2,"minecraft:flint":25,"minecraft:tuff":11,"minecraft:chain":3,"minecraft:shield":1,"minecraft:dirt":7,"minecraft:white_banner":1,"minecraft:iron_axe":1,"minecraft:iron_leggings":1,"minecraft:glass_pane":12,"minecraft:deepslate_brick_slab":10,"minecraft:cobbled_deepslate":2,"minecraft:bucket":2,"minecraft:spruce_planks":3,"minecraft:oak_boat":1,"minecraft:iron_nugget":3,"minecraft:iron_pickaxe":1,"minecraft:chest":1,"minecraft:iron_sword":1,"minecraft:oak_planks":6,"minecraft:spruce_trapdoor":4,"minecraft:iron_boots":1,"minecraft:oak_slab":3,"minecraft:polished_deepslate_slab":20,"minecraft:torch":11,"minecraft:sand":64,"minecraft:stripped_spruce_log":5,"minecraft:white_bed":1,"minecraft:redstone":4,"minecraft:dark_oak_planks":7,"minecraft:lever":1,"minecraft:polished_basalt":6,"minecraft:deepslate_bricks":2,"minecraft:iron_helmet":1,"minecraft:crossbow":2,"minecraft:warped_roots":1,"minecraft:oak_button":6,"minecraft:baked_potato":19,"minecraft:deepslate_brick_stairs":35,"minecraft:snowball":4,"minecraft:rail":24},"minecraft:crafted":{"minecraft:oak_slab":6,"minecraft:cauldron":9,"minecraft:lever":1,"minecraft:air":0,"minecraft:iron_ingot":63}},"DataVersion":3953}