{"stats":{"minecraft:dropped":{"minecraft:cobblestone":1,"minecraft:book":64,"minecraft:granite":12,"minecraft:stick":4,"minecraft:flint":1,"minecraft:dirt":2,"minecraft:deepslate_brick_stairs":1,"minecraft:snowball":4,"minecraft:gold_nugget":1,"minecraft:iron_nugget":8,"minecraft:golden_shovel":1,"minecraft:gunpowder":2},"minecraft:broken":{"minecraft:stone_pickaxe":1,"minecraft:iron_axe":1,"minecraft:iron_pickaxe":1},"minecraft:used":{"minecraft:enchanting_table":3,"minecraft:iron_bars":2,"minecraft:iron_shovel":48,"minecraft:redstone":4,"minecraft:polished_basalt":15,"minecraft:spruce_planks":3,"minecraft:shield":2,"minecraft:iron_sword":27,"minecraft:torch":18,"minecraft:dirt":9,"minecraft:cobblestone_wall":1,"minecraft:deepslate_brick_slab":9,"minecraft:golden_shovel":18,"minecraft:granite":6,"minecraft:lava_bucket":13,"minecraft:bookshelf":15,"minecraft:iron_axe":274,"minecraft:stone_bricks":7,"minecraft:glowstone":2,"minecraft:oak_sapling":1,"minecraft:cobbled_deepslate":4,"minecraft:pointed_dripstone":9,"minecraft:water_bucket":45,"minecraft:mossy_stone_bricks":8,"minecraft:diorite":40,"minecraft:stone_pickaxe":135,"minecraft:baked_potato":31,"minecraft:oak_planks":7,"minecraft:spruce_sign":2,"minecraft:cauldron":9,"minecraft:cracked_stone_bricks":3,"minecraft:polished_deepslate_slab":38,"minecraft:sand":7,"minecraft:crafting_table":5,"minecraft:oak_slab":3,"minecraft:white_bed":1,"minecraft:deepslate_brick_stairs":56,"minecraft:lever":1,"minecraft:diamond_pickaxe":3,"minecraft:oak_button":6,"minecraft:iron_pickaxe":321,"minecraft:spruce_trapdoor":7,"minecraft:gravel":7,"minecraft:golden_leggings":1,"minecraft:fire_charge":1,"minecraft:cobblestone":139,"minecraft:white_banner":1,"minecraft:bucket":58,"minecraft:andesite":5,"minecraft:glass_pane":3},"minecraft:custom":{"minecraft:mob_kills":10,"minecraft:inspect_hopper":4,"minecraft:interact_with_crafting_table":14,"minecraft:leave_game":1,"minecraft:time_since_death":129777,"minecraft:climb_one_cm":1026,"minecraft:sprint_one_cm":355297,"minecraft:walk_one_cm":271119,"minecraft:damage_blocked_by_shield":541,"minecraft:drop":13,"minecraft:talked_to_villager":4,"minecraft:play_time":134807,"minecraft:deaths":1,"minecraft:sneak_time":23005,"minecraft:walk_under_water_one_cm":18317,"minecraft:jump":2415,"minecraft:walk_on_water_one_cm":36837,"minecraft:total_world_time":134807,"minecraft:interact_with_stonecutter":3,"minecraft:time_since_rest":129800,"minecraft:damage_taken":1331,"minecraft:damage_dealt":1601,"minecraft:swim_one_cm":83542,"minecraft:fly_one_cm":423583,"minecraft:open_chest":176,"minecraft:crouch_one_cm":75686,"minecraft:interact_with_smoker":16,"minecraft:fall_one_cm":47729,"minecraft:use_cauldron":2,"minecraft:inspect_dispenser":1},"minecraft:mined":{"minecraft:spruce_planks":3,"minecraft:white_bed":1,"minecraft:deepslate_diamond_ore":6,"minecraft:obsidian":3,"minecraft:spruce_trapdoor":4,"minecraft:lever":1,"minecraft:granite":22,"minecraft:grass_block":10,"minecraft:redstone_wire":4,"minecraft:deepslate_bricks":2,"minecraft:spruce_leaves":3,"minecraft:spawner":1,"minecraft:deepslate_brick_slab":7,"minecraft:polished_basalt":6,"minecraft:iron_ore":1,"minecraft:snow":3,"minecraft:andesite":5,"minecraft:enchanting_table":2,"minecraft:bookshelf":233,"minecraft:polished_deepslate_slab":22,"minecraft:iron_bars":2,"minecraft:deepslate_brick_stairs":35,"minecraft:stone":173,"minecraft:oak_slab":3,"minecraft:snow_block":1,"minecraft:powder_snow":13,"minecraft:crafting_table":4,"minecraft:torch":4,"minecraft:short_grass":2,"minecraft:chest":2,"minecraft:cobblestone":44,"minecraft:oak_planks":20,"minecraft:diorite":41,"minecraft:wall_torch":2,"minecraft:cobblestone_wall":1,"minecraft:ice":22,"minecraft:spruce_log":4,"minecraft:gravel":9,"minecraft:sand":6,"minecraft:dirt":25,"minecraft:cracked_stone_bricks":3,"minecraft:oak_button":6,"minecraft:stone_bricks":7,"minecraft:mossy_stone_bricks":8,"minecraft:oak_leaves":1,"minecraft:deepslate":49},"minecraft:picked_up":{"minecraft:crafting_table":6,"minecraft:iron_chestplate":1,"minecraft:chain":3,"minecraft:shield":1,"minecraft:iron_axe":1,"minecraft:iron_leggings":1,"minecraft:glass_pane":12,"minecraft:cracked_stone_bricks":3,"minecraft:cobbled_deepslate":46,"minecraft:bucket":2,"minecraft:spruce_planks":3,"minecraft:eye_armor_trim_smithing_template":1,"minecraft:oak_boat":1,"minecraft:iron_nugget":3,"minecraft:iron_pickaxe":1,"minecraft:chest":2,"minecraft:spruce_trapdoor":4,"minecraft:iron_boots":1,"minecraft:stick":2,"minecraft:polished_deepslate_slab":26,"minecraft:torch":18,"minecraft:diorite":40,"minecraft:redstone":4,"minecraft:dark_oak_planks":7,"minecraft:rotten_flesh":3,"minecraft:deepslate_bricks":2,"minecraft:polished_basalt":6,"minecraft:deepslate_brick_stairs":35,"minecraft:obsidian":3,"minecraft:iron_bars":2,"minecraft:snowball":4,"minecraft:rail":24,"minecraft:cobblestone":177,"minecraft:enchanting_table":2,"minecraft:water_bucket":2,"minecraft:andesite":5,"minecraft:flint":26,"minecraft:tuff":11,"minecraft:cobblestone_wall":1,"minecraft:gunpowder":2,"minecraft:dirt":30,"minecraft:paper":8,"minecraft:white_banner":1,"minecraft:stone_bricks":7,"minecraft:deepslate_brick_slab":10,"minecraft:mossy_stone_bricks":8,"minecraft:iron_sword":1,"minecraft:oak_planks":20,"minecraft:book":767,"minecraft:oak_slab":3,"minecraft:sweet_berries":2,"minecraft:gravel":7,"minecraft:sand":70,"minecraft:stripped_spruce_log":5,"minecraft:spruce_log":4,"minecraft:white_bed":1,"minecraft:diamond":6,"minecraft:lever":1,"minecraft:iron_helmet":1,"minecraft:crossbow":2,"minecraft:granite":18,"minecraft:warped_roots":2,"minecraft:oak_button":6,"minecraft:baked_potato":19},"minecraft:crafted":{"minecraft:lever":1,"minecraft:bookshelf":15,"minecraft:iron_axe":1,"minecraft:stone_pickaxe":2,"minecraft:oak_slab":6,"minecraft:spruce_sign":6,"minecraft:cauldron":9,"minecraft:crafting_table":1,"minecraft:spruce_planks":104,"minecraft:enchanting_table":1,"minecraft:baked_potato":33,"minecraft:bucket":3,"minecraft:air":0,"minecraft:book":2,"minecraft:paper":9,"minecraft:stick":12,"minecraft:iron_ingot":81,"minecraft:iron_pickaxe":1,"minecraft:iron_shovel":1},"minecraft:killed":{"minecraft:spider":1,"minecraft:silverfish":3,"minecraft:zombie":6}},"DataVersion":3953}