{"stats":{"minecraft:dropped":{"minecraft:iron_nugget":8,"minecraft:golden_shovel":1,"minecraft:dirt":2,"minecraft:deepslate_brick_stairs":1,"minecraft:snowball":4,"minecraft:gold_nugget":1},"minecraft:used":{"minecraft:water_bucket":24,"minecraft:enchanting_table":1,"minecraft:iron_shovel":1,"minecraft:baked_potato":5,"minecraft:redstone":4,"minecraft:oak_planks":1,"minecraft:polished_basalt":15,"minecraft:spruce_planks":3,"minecraft:cauldron":9,"minecraft:torch":4,"minecraft:polished_deepslate_slab":38,"minecraft:dirt":4,"minecraft:sand":5,"minecraft:oak_slab":3,"minecraft:cobblestone_wall":1,"minecraft:white_bed":1,"minecraft:deepslate_brick_slab":9,"minecraft:golden_shovel":18,"minecraft:deepslate_brick_stairs":56,"minecraft:lever":1,"minecraft:diamond_pickaxe":3,"minecraft:lava_bucket":13,"minecraft:iron_axe":27,"minecraft:oak_button":6,"minecraft:iron_pickaxe":85,"minecraft:spruce_trapdoor":7,"minecraft:golden_leggings":1,"minecraft:fire_charge":1,"minecraft:glowstone":2,"minecraft:cobblestone":5,"minecraft:white_banner":1,"minecraft:bucket":38,"minecraft:glass_pane":3,"minecraft:pointed_dripstone":9},"minecraft:custom":{"minecraft:inspect_hopper":4,"minecraft:interact_with_crafting_table":8,"minecraft:interact_with_stonecutter":3,"minecraft:leave_game":1,"minecraft:time_since_death":51777,"minecraft:time_since_rest":51800,"minecraft:sprint_one_cm":128042,"minecraft:damage_taken":327,"minecraft:walk_one_cm":141396,"minecraft:drop":6,"minecraft:swim_one_cm":37072,"minecraft:talked_to_villager":4,"minecraft:fly_one_cm":168090,"minecraft:open_chest":148,"minecraft:crouch_one_cm":42288,"minecraft:play_time":56807,"minecraft:deaths":1,"minecraft:sneak_time":9698,"minecraft:walk_under_water_one_cm":4014,"minecraft:jump":871,"minecraft:walk_on_water_one_cm":10607,"minecraft:interact_with_smoker":16,"minecraft:total_world_time":56807,"minecraft:use_cauldron":2,"minecraft:inspect_dispenser":1,"minecraft:fall_one_cm":11408},"minecraft:mined":{"minecraft:oak_slab":3,"minecraft:spruce_planks":3,"minecraft:white_bed":1,"minecraft:snow_block":1,"minecraft:powder_snow":7,"minecraft:obsidian":3,"minecraft:spruce_trapdoor":4,"minecraft:torch":2,"minecraft:lever":1,"minecraft:short_grass":2,"minecraft:grass_block":6,"minecraft:chest":1,"minecraft:redstone_wire":4,"minecraft:cobblestone":8,"minecraft:deepslate_bricks":2,"minecraft:oak_planks":6,"minecraft:wall_torch":2,"minecraft:deepslate_brick_slab":7,"minecraft:cobblestone_wall":1,"minecraft:polished_basalt":6,"minecraft:polished_deepslate_slab":22,"minecraft:dirt":1,"minecraft:sand":4,"minecraft:deepslate_brick_stairs":35,"minecraft:oak_button":6,"minecraft:deepslate":2},"minecraft:picked_up":{"minecraft:iron_chestplate":1,"minecraft:crafting_table":2,"minecraft:water_bucket":2,"minecraft:flint":25,"minecraft:tuff":11,"minecraft:chain":3,"minecraft:shield":1,"minecraft:cobblestone_wall":1,"minecraft:dirt":7,"minecraft:white_banner":1,"minecraft:iron_axe":1,"minecraft:iron_leggings":1,"minecraft:glass_pane":12,"minecraft:deepslate_brick_slab":10,"minecraft:cobbled_deepslate":2,"minecraft:bucket":2,"minecraft:spruce_planks":3,"minecraft:oak_boat":1,"minecraft:iron_nugget":3,"minecraft:iron_pickaxe":1,"minecraft:spruce_trapdoor":4,"minecraft:chest":1,"minecraft:oak_planks":6,"minecraft:iron_sword":1,"minecraft:iron_boots":1,"minecraft:oak_slab":3,"minecraft:polished_deepslate_slab":26,"minecraft:torch":12,"minecraft:sand":68,"minecraft:stripped_spruce_log":5,"minecraft:white_bed":1,"minecraft:redstone":4,"minecraft:dark_oak_planks":7,"minecraft:lever":1,"minecraft:polished_basalt":6,"minecraft:deepslate_bricks":2,"minecraft:iron_helmet":1,"minecraft:crossbow":2,"minecraft:warped_roots":2,"minecraft:oak_button":6,"minecraft:baked_potato":19,"minecraft:obsidian":3,"minecraft:deepslate_brick_stairs":35,"minecraft:cobblestone":8,"minecraft:snowball":4,"minecraft:rail":24},"minecraft:crafted":{"minecraft:oak_slab":6,"minecraft:cauldron":9,"minecraft:enchanting_table":1,"minecraft:baked_potato":33,"minecraft:bucket":3,"minecraft:lever":1,"minecraft:air":0,"minecraft:book":2,"minecraft:paper":9,"minecraft:iron_axe":1,"minecraft:iron_ingot":81,"minecraft:iron_pickaxe":1,"minecraft:iron_shovel":1}},"DataVersion":3953}