{"stats":{"minecraft:killed_by":{"minecraft:zombified_piglin":1,"minecraft:wither_skeleton":2,"minecraft:player":3,"minecraft:enderman":2},"minecraft:dropped":{"minecraft:glow_ink_sac":1,"minecraft:warped_roots":1,"minecraft:rail":30,"minecraft:flint":2,"minecraft:dirt":2,"minecraft:snowball":4,"minecraft:chain":3,"minecraft:pumpkin_pie":4,"minecraft:gold_nugget":1,"minecraft:lever":1,"minecraft:iron_nugget":10,"minecraft:cherry_sapling":1,"minecraft:golden_shovel":1,"minecraft:carrot":15,"minecraft:gunpowder":2,"minecraft:beef":3,"minecraft:iron_ingot":11,"minecraft:iron_helmet":1,"minecraft:cobblestone":1,"minecraft:book":64,"minecraft:granite":12,"minecraft:stick":15,"minecraft:lava_bucket":1,"minecraft:deepslate_brick_stairs":1,"minecraft:iron_leggings":1,"minecraft:iron_axe":3,"minecraft:paper":11,"minecraft:string":136,"minecraft:bucket":1,"minecraft:iron_boots":1,"minecraft:potato":2,"minecraft:redstone_torch":1},"minecraft:broken":{"minecraft:stone_pickaxe":1,"minecraft:iron_axe":7,"minecraft:iron_pickaxe":2},"minecraft:used":{"minecraft:tuff_bricks":13,"minecraft:iron_shovel":86,"minecraft:polished_basalt":15,"minecraft:shield":2,"minecraft:iron_sword":70,"minecraft:rotten_flesh":3,"minecraft:iron_chestplate":1,"minecraft:carrot":12,"minecraft:deepslate_brick_slab":12,"minecraft:stripped_spruce_log":1,"minecraft:glass":3,"minecraft:lava_bucket":84,"minecraft:iron_helmet":1,"minecraft:stone_bricks":7,"minecraft:spruce_hanging_sign":30,"minecraft:bow":70,"minecraft:oak_sapling":1,"minecraft:potato":2,"minecraft:mossy_stone_bricks":8,"minecraft:diorite":40,"minecraft:powered_rail":4,"minecraft:stone_pickaxe":136,"minecraft:oak_planks":9,"minecraft:blue_dye":1,"minecraft:sand":7,"minecraft:deepslate_brick_stairs":70,"minecraft:lever":24,"minecraft:dark_oak_log":57,"minecraft:bread":9,"minecraft:lectern":1251,"minecraft:gravel":14,"minecraft:fire_charge":1,"minecraft:andesite":5,"minecraft:enchanting_table":3,"minecraft:iron_bars":2,"minecraft:redstone":4,"minecraft:spruce_planks":23,"minecraft:netherrack":77,"minecraft:torch":24,"minecraft:dirt":18,"minecraft:anvil":1,"minecraft:cobblestone_wall":1,"minecraft:golden_shovel":18,"minecraft:granite":6,"minecraft:iron_hoe":1,"minecraft:bookshelf":15,"minecraft:iron_axe":1910,"minecraft:spruce_button":3,"minecraft:iron_boots":2,"minecraft:basalt":7,"minecraft:glowstone":2,"minecraft:minecart":2,"minecraft:cobbled_deepslate":4,"minecraft:powder_snow_bucket":1,"minecraft:iron_leggings":2,"minecraft:pointed_dripstone":9,"minecraft:water_bucket":56,"minecraft:dark_oak_hanging_sign":21,"minecraft:baked_potato":93,"minecraft:spruce_sign":4,"minecraft:cauldron":9,"minecraft:white_dye":2,"minecraft:fletching_table":3,"minecraft:glow_ink_sac":2,"minecraft:deepslate_bricks":22,"minecraft:cracked_stone_bricks":3,"minecraft:warped_roots":1,"minecraft:polished_deepslate_slab":42,"minecraft:rail":199,"minecraft:stripped_dark_oak_log":2,"minecraft:oak_slab":3,"minecraft:crafting_table":8,"minecraft:white_bed":9,"minecraft:warped_planks":13,"minecraft:spruce_log":4,"minecraft:diamond_pickaxe":3,"minecraft:oak_button":6,"minecraft:iron_pickaxe":793,"minecraft:spruce_trapdoor":7,"minecraft:golden_leggings":1,"minecraft:cobblestone":141,"minecraft:white_banner":1,"minecraft:bucket":140,"minecraft:glass_pane":3,"minecraft:pumpkin_pie":8,"minecraft:stripped_oak_log":1},"minecraft:custom":{"minecraft:interact_with_crafting_table":47,"minecraft:open_barrel":10,"minecraft:leave_game":8,"minecraft:time_since_death":8542,"minecraft:sprint_one_cm":1576405,"minecraft:damage_blocked_by_shield":541,"minecraft:drop":48,"minecraft:talked_to_villager":1855,"minecraft:play_time":617735,"minecraft:deaths":10,"minecraft:jump":7029,"minecraft:walk_on_water_one_cm":83754,"minecraft:enchant_item":3,"minecraft:interact_with_furnace":1,"minecraft:traded_with_villager":582,"minecraft:sleep_in_bed":21,"minecraft:damage_dealt":6460,"minecraft:player_kills":1,"minecraft:crouch_one_cm":121366,"minecraft:interact_with_smoker":22,"minecraft:use_cauldron":3,"minecraft:inspect_dispenser":14,"minecraft:mob_kills":90,"minecraft:interact_with_anvil":8,"minecraft:inspect_hopper":6,"minecraft:climb_one_cm":1881,"minecraft:walk_one_cm":1599771,"minecraft:sneak_time":36413,"minecraft:walk_under_water_one_cm":44578,"minecraft:interact_with_blast_furnace":1,"minecraft:total_world_time":617735,"minecraft:interact_with_stonecutter":5,"minecraft:time_since_rest":8564,"minecraft:damage_taken":6161,"minecraft:minecart_one_cm":2758,"minecraft:swim_one_cm":307931,"minecraft:fly_one_cm":1484279,"minecraft:open_chest":519,"minecraft:fall_one_cm":97001},"minecraft:mined":{"minecraft:spruce_planks":25,"minecraft:white_bed":9,"minecraft:obsidian":3,"minecraft:spruce_trapdoor":4,"minecraft:granite":22,"minecraft:grass_block":10,"minecraft:deepslate_bricks":21,"minecraft:deepslate_tile_stairs":1,"minecraft:nether_wart":9,"minecraft:tuff_bricks":38,"minecraft:spawner":1,"minecraft:iron_ore":1,"minecraft:fire":12,"minecraft:fletching_table":2,"minecraft:dark_oak_wall_hanging_sign":1,"minecraft:enchanting_table":2,"minecraft:polished_deepslate_slab":24,"minecraft:iron_bars":2,"minecraft:deepslate_brick_stairs":49,"minecraft:powder_snow":13,"minecraft:torch":9,"minecraft:chest":2,"minecraft:spruce_wall_sign":1,"minecraft:glass":3,"minecraft:cobblestone":45,"minecraft:oak_planks":22,"minecraft:wall_torch":2,"minecraft:spruce_wall_hanging_sign":10,"minecraft:warped_nylium":6,"minecraft:powered_rail":2,"minecraft:warped_planks":2,"minecraft:sand":7,"minecraft:dirt":27,"minecraft:netherrack":208,"minecraft:oak_leaves":1,"minecraft:deepslate":49,"minecraft:deepslate_diamond_ore":6,"minecraft:dark_oak_log":9,"minecraft:lever":22,"minecraft:nether_bricks":15,"minecraft:redstone_wire":4,"minecraft:spruce_leaves":58,"minecraft:deepslate_brick_slab":10,"minecraft:polished_basalt":6,"minecraft:snow":3,"minecraft:andesite":5,"minecraft:stripped_spruce_log":2,"minecraft:bookshelf":233,"minecraft:potatoes":1,"minecraft:rail":158,"minecraft:warped_stem":9,"minecraft:stripped_oak_log":1,"minecraft:stone":176,"minecraft:spruce_hanging_sign":19,"minecraft:oak_slab":3,"minecraft:soul_sand":20,"minecraft:snow_block":1,"minecraft:stripped_dark_oak_log":68,"minecraft:basalt":7,"minecraft:crafting_table":4,"minecraft:spruce_button":1,"minecraft:short_grass":2,"minecraft:warped_roots":4,"minecraft:lectern":1224,"minecraft:diorite":41,"minecraft:warped_wart_block":1,"minecraft:cobblestone_wall":1,"minecraft:ice":22,"minecraft:spruce_log":147,"minecraft:dark_oak_hanging_sign":5,"minecraft:cherry_leaves":3,"minecraft:gravel":20,"minecraft:cracked_stone_bricks":3,"minecraft:oak_button":6,"minecraft:stone_bricks":7,"minecraft:mossy_stone_bricks":8},"minecraft:picked_up":{"minecraft:iron_chestplate":6,"minecraft:lead":2,"minecraft:string":1473,"minecraft:iron_leggings":7,"minecraft:cobbled_deepslate":46,"minecraft:bucket":6,"minecraft:spruce_planks":35,"minecraft:eye_armor_trim_smithing_template":1,"minecraft:redstone_torch":1,"minecraft:iron_pickaxe":9,"minecraft:iron_boots":9,"minecraft:stick":16,"minecraft:torch":26,"minecraft:diorite":40,"minecraft:warped_planks":23,"minecraft:deepslate_tile_stairs":1,"minecraft:stone_sword":1,"minecraft:rotten_flesh":3,"minecraft:polished_basalt":6,"minecraft:spruce_hanging_sign":29,"minecraft:blaze_rod":22,"minecraft:deepslate_brick_stairs":49,"minecraft:obsidian":3,"minecraft:iron_bars":2,"minecraft:snowball":4,"minecraft:cobblestone":181,"minecraft:enchanting_table":2,"minecraft:magma_cream":4,"minecraft:water_bucket":2,"minecraft:andesite":5,"minecraft:potato":4,"minecraft:flint":29,"minecraft:tuff":11,"minecraft:dirt":39,"minecraft:glass":18,"minecraft:bone":2,"minecraft:bow":2,"minecraft:deepslate_brick_slab":14,"minecraft:mossy_stone_bricks":8,"minecraft:fletching_table":3,"minecraft:powered_rail":4,"minecraft:oak_planks":22,"minecraft:warped_wart_block":2,"minecraft:sand":71,"minecraft:stripped_spruce_log":7,"minecraft:dark_oak_log":9,"minecraft:iron_hoe":3,"minecraft:diamond":6,"minecraft:lever":35,"minecraft:crossbow":2,"minecraft:granite":18,"minecraft:spruce_sign":1,"minecraft:spruce_button":2,"minecraft:bread":157,"minecraft:emerald":250,"minecraft:netherrack":568,"minecraft:crafting_table":6,"minecraft:nether_wart":52,"minecraft:chain":3,"minecraft:shield":2,"minecraft:flint_and_steel":1,"minecraft:iron_axe":9,"minecraft:iron_shovel":6,"minecraft:glass_pane":12,"minecraft:cracked_stone_bricks":3,"minecraft:oak_boat":1,"minecraft:iron_nugget":5,"minecraft:lectern":1225,"minecraft:minecart":22,"minecraft:chest":2,"minecraft:spruce_trapdoor":4,"minecraft:polished_deepslate_slab":30,"minecraft:carrot":420,"minecraft:redstone":4,"minecraft:dark_oak_planks":7,"minecraft:arrow":263,"minecraft:pumpkin_pie":16,"minecraft:nether_bricks":45,"minecraft:deepslate_bricks":19,"minecraft:tuff_bricks":38,"minecraft:rail":215,"minecraft:stripped_oak_log":1,"minecraft:basalt":7,"minecraft:glow_ink_sac":3,"minecraft:leather":1,"minecraft:gunpowder":2,"minecraft:cobblestone_wall":1,"minecraft:paper":8,"minecraft:white_banner":1,"minecraft:stone_bricks":7,"minecraft:warped_stem":9,"minecraft:iron_ingot":28,"minecraft:soul_sand":40,"minecraft:iron_sword":5,"minecraft:book":908,"minecraft:oak_slab":3,"minecraft:sweet_berries":2,"minecraft:gravel":15,"minecraft:lava_bucket":3,"minecraft:spruce_sapling":34,"minecraft:white_bed":10,"minecraft:spruce_log":147,"minecraft:white_concrete_powder":64,"minecraft:iron_helmet":8,"minecraft:dark_oak_hanging_sign":6,"minecraft:warped_roots":16,"minecraft:oak_button":6,"minecraft:baked_potato":35,"minecraft:warped_nylium":1,"minecraft:stripped_dark_oak_log":68,"minecraft:coal":2,"minecraft:ender_pearl":1},"minecraft:crafted":{"minecraft:chain":22,"minecraft:lever":15,"minecraft:bookshelf":45,"minecraft:warped_planks":36,"minecraft:dark_oak_hanging_sign":66,"minecraft:bow":2,"minecraft:iron_boots":1,"minecraft:oak_slab":6,"minecraft:arrow":160,"minecraft:emerald":540,"minecraft:cauldron":9,"minecraft:crafting_table":2,"minecraft:spruce_planks":448,"minecraft:baked_potato":82,"minecraft:iron_helmet":1,"minecraft:fletching_table":1,"minecraft:polished_deepslate_slab":6,"minecraft:lectern":30,"minecraft:book":2,"minecraft:iron_chestplate":1,"minecraft:paper":9,"minecraft:shield":2,"minecraft:stick":60,"minecraft:iron_ingot":234,"minecraft:iron_pickaxe":5,"minecraft:iron_nugget":45,"minecraft:spruce_button":1,"minecraft:polished_deepslate":4,"minecraft:iron_axe":9,"minecraft:spruce_slab":252,"minecraft:stone_pickaxe":2,"minecraft:spruce_sign":6,"minecraft:enchanting_table":1,"minecraft:iron_sword":1,"minecraft:bucket":10,"minecraft:enchanted_book":17,"minecraft:bread":60,"minecraft:air":0,"minecraft:blue_dye":1,"minecraft:white_wool":7,"minecraft:white_dye":2,"minecraft:iron_shovel":2,"minecraft:iron_leggings":2,"minecraft:anvil":1,"minecraft:white_bed":1,"minecraft:pumpkin_pie":20},"minecraft:killed":{"minecraft:zombified_piglin":1,"minecraft:spider":1,"minecraft:silverfish":3,"minecraft:magma_cube":42,"minecraft:trader_llama":2,"minecraft:zombie":6,"minecraft:glow_squid":1,"minecraft:blaze":26,"minecraft:wandering_trader":1,"minecraft:wither_skeleton":1,"minecraft:villager":4,"minecraft:enderman":1}},"DataVersion":3953}