{"stats":{"minecraft:used":{"minecraft:ominous_trial_key":2},"minecraft:custom":{"minecraft:jump":48,"minecraft:open_chest":3,"minecraft:time_since_rest":2321,"minecraft:walk_on_water_one_cm":435,"minecraft:sprint_one_cm":16997,"minecraft:play_time":2321,"minecraft:damage_taken":60,"minecraft:time_since_death":2321,"minecraft:walk_one_cm":6014,"minecraft:sneak_time":25,"minecraft:total_world_time":2321,"minecraft:walk_under_water_one_cm":2804,"minecraft:swim_one_cm":15481,"minecraft:fall_one_cm":1351,"minecraft:fly_one_cm":6042},"minecraft:picked_up":{"minecraft:tipped_arrow":9,"minecraft:diamond_axe":1,"minecraft:diamond":2,"minecraft:heavy_core":2}},"DataVersion":3953}