{"stats":{"minecraft:killed_by":{"minecraft:player":1,"minecraft:wither_skeleton":1},"minecraft:dropped":{"minecraft:iron_ingot":16,"minecraft:iron_sword":3,"minecraft:iron_helmet":4,"minecraft:iron_leggings":2,"minecraft:pumpkin_pie":9,"minecraft:iron_axe":1,"minecraft:iron_pickaxe":3,"minecraft:iron_shovel":1,"minecraft:string":1,"minecraft:white_wool":3,"minecraft:stone_sword":2,"minecraft:iron_boots":4,"minecraft:carrot":68,"minecraft:diamond_sword":1,"minecraft:iron_chestplate":4},"minecraft:broken":{"minecraft:iron_shovel":1,"minecraft:iron_pickaxe":1},"minecraft:used":{"minecraft:stone_sword":2,"minecraft:iron_shovel":41,"minecraft:stone_shovel":2,"minecraft:chest":2,"minecraft:spruce_planks":1,"minecraft:shield":5,"minecraft:iron_sword":129,"minecraft:netherrack":4,"minecraft:iron_chestplate":1,"minecraft:torch":3,"minecraft:dirt":26,"minecraft:carrot":74,"minecraft:tuff":6,"minecraft:iron_block":2,"minecraft:iron_axe":113,"minecraft:iron_helmet":1,"minecraft:iron_boots":2,"minecraft:stone_bricks":2,"minecraft:basalt":3,"minecraft:oak_sapling":1,"minecraft:minecart":8,"minecraft:cobbled_deepslate":28,"minecraft:iron_leggings":1,"minecraft:warped_stem":1,"minecraft:powered_rail":12,"minecraft:baked_potato":1,"minecraft:fletching_table":3,"minecraft:diamond_axe":14,"minecraft:rail":63,"minecraft:oak_slab":1,"minecraft:crafting_table":4,"minecraft:white_bed":4,"minecraft:redstone_torch":2,"minecraft:lever":4,"minecraft:diamond_pickaxe":60,"minecraft:diamond_shovel":1,"minecraft:string":35,"minecraft:iron_pickaxe":283,"minecraft:lectern":10,"minecraft:tuff_brick_slab":1,"minecraft:chiseled_tuff_bricks":1,"minecraft:stripped_oak_wood":2,"minecraft:pumpkin_pie":6,"minecraft:oak_boat":3},"minecraft:custom":{"minecraft:mob_kills":15,"minecraft:interact_with_crafting_table":39,"minecraft:open_barrel":17,"minecraft:leave_game":7,"minecraft:time_since_death":146494,"minecraft:sprint_one_cm":660402,"minecraft:walk_one_cm":374007,"minecraft:damage_blocked_by_shield":420,"minecraft:drop":106,"minecraft:talked_to_villager":145,"minecraft:play_time":185591,"minecraft:deaths":3,"minecraft:sneak_time":10591,"minecraft:walk_under_water_one_cm":19777,"minecraft:boat_one_cm":32021,"minecraft:jump":2963,"minecraft:interact_with_blast_furnace":3,"minecraft:walk_on_water_one_cm":58482,"minecraft:total_world_time":185591,"minecraft:interact_with_furnace":5,"minecraft:traded_with_villager":497,"minecraft:interact_with_grindstone":3,"minecraft:interact_with_stonecutter":1,"minecraft:sleep_in_bed":11,"minecraft:time_since_rest":27400,"minecraft:damage_taken":2504,"minecraft:minecart_one_cm":80473,"minecraft:damage_dealt":2745,"minecraft:swim_one_cm":126476,"minecraft:fly_one_cm":556622,"minecraft:player_kills":3,"minecraft:open_chest":132,"minecraft:crouch_one_cm":36493,"minecraft:interact_with_smoker":4,"minecraft:fall_one_cm":34410,"minecraft:inspect_dispenser":8,"minecraft:horse_one_cm":1859},"minecraft:mined":{"minecraft:tuff":29,"minecraft:white_bed":3,"minecraft:lever":4,"minecraft:grass_block":13,"minecraft:tuff_brick_slab":1,"minecraft:spruce_leaves":2,"minecraft:chiseled_tuff_bricks":1,"minecraft:tall_seagrass":5,"minecraft:cobbled_deepslate":1,"minecraft:fire":1,"minecraft:fletching_table":2,"minecraft:dirt_path":4,"minecraft:rail":75,"minecraft:warped_stem":1,"minecraft:warped_trapdoor":1,"minecraft:white_banner":1,"minecraft:iron_block":2,"minecraft:tripwire":35,"minecraft:oak_slab":1,"minecraft:kelp_plant":44,"minecraft:snow_block":7,"minecraft:basalt":3,"minecraft:powder_snow":43,"minecraft:crafting_table":5,"minecraft:torch":3,"minecraft:short_grass":1,"minecraft:lectern":12,"minecraft:glass":2,"minecraft:deepslate_gold_ore":1,"minecraft:sugar_cane":5,"minecraft:wall_torch":1,"minecraft:seagrass":13,"minecraft:warped_nylium":1,"minecraft:powered_rail":6,"minecraft:spruce_log":94,"minecraft:birch_leaves":2,"minecraft:stripped_oak_wood":2,"minecraft:oak_log":4,"minecraft:gravel":2,"minecraft:dirt":19,"minecraft:stone_bricks":2,"minecraft:netherrack":5,"minecraft:oak_leaves":17,"minecraft:deepslate":217},"minecraft:picked_up":{"minecraft:crafting_table":5,"minecraft:iron_chestplate":3,"minecraft:tuff_brick_slab":1,"minecraft:diamond_sword":1,"minecraft:string":4664,"minecraft:iron_axe":1,"minecraft:iron_leggings":1,"minecraft:iron_shovel":1,"minecraft:cobbled_deepslate":133,"minecraft:spruce_planks":1,"minecraft:beef":3,"minecraft:oak_boat":3,"minecraft:iron_pickaxe":4,"minecraft:minecart":13,"minecraft:lectern":12,"minecraft:sugar_cane":8,"minecraft:iron_boots":3,"minecraft:stick":15,"minecraft:torch":3,"minecraft:carrot":1,"minecraft:stone_sword":1,"minecraft:arrow":3,"minecraft:pumpkin_pie":18,"minecraft:iron_block":2,"minecraft:rail":75,"minecraft:snowball":28,"minecraft:white_wool":3,"minecraft:basalt":3,"minecraft:tuff":10,"minecraft:oak_log":4,"minecraft:warped_trapdoor":1,"minecraft:gunpowder":3,"minecraft:dirt":29,"minecraft:white_banner":1,"minecraft:bone":3,"minecraft:stone_bricks":2,"minecraft:kelp":140,"minecraft:warped_stem":1,"minecraft:iron_ingot":52,"minecraft:stripped_oak_wood":2,"minecraft:fletching_table":2,"minecraft:powered_rail":6,"minecraft:iron_sword":3,"minecraft:oak_slab":1,"minecraft:spruce_sapling":6,"minecraft:white_bed":3,"minecraft:spruce_log":94,"minecraft:lever":4,"minecraft:iron_helmet":3,"minecraft:oak_sapling":2,"minecraft:netherrack":5,"minecraft:chiseled_tuff_bricks":1},"minecraft:crafted":{"minecraft:oak_planks":16,"minecraft:diamond_shovel":1,"minecraft:iron_boots":4,"minecraft:bow":1,"minecraft:diamond_helmet":1,"minecraft:diamond_leggings":1,"minecraft:iron_axe":3,"minecraft:diamond_boots":1,"minecraft:diamond_sword":1,"minecraft:emerald":489,"minecraft:crafting_table":1,"minecraft:diamond_axe":1,"minecraft:spruce_planks":624,"minecraft:powered_rail":6,"minecraft:baked_potato":13,"minecraft:iron_helmet":4,"minecraft:iron_sword":3,"minecraft:fletching_table":2,"minecraft:air":0,"minecraft:oak_boat":1,"minecraft:white_wool":3,"minecraft:iron_chestplate":4,"minecraft:diamond_pickaxe":1,"minecraft:shield":3,"minecraft:stick":784,"minecraft:iron_ingot":162,"minecraft:iron_pickaxe":3,"minecraft:gold_ingot":8,"minecraft:iron_shovel":3,"minecraft:iron_leggings":4,"minecraft:white_bed":1,"minecraft:redstone_torch":2,"minecraft:diamond_chestplate":1},"minecraft:killed":{"minecraft:spider":1,"minecraft:skeleton":3,"minecraft:magma_cube":7,"minecraft:creeper":1,"minecraft:zombie":2,"minecraft:wither_skeleton":1}},"DataVersion":3953}