{"stats":{"minecraft:killed_by":{"minecraft:player":1,"minecraft:wither_skeleton":1,"minecraft:ender_dragon":6,"minecraft:silverfish":1},"minecraft:dropped":{"minecraft:water_bucket":1,"minecraft:iron_ingot":16,"minecraft:iron_sword":3,"minecraft:wheat_seeds":1,"minecraft:minecart":1,"minecraft:iron_helmet":4,"minecraft:rail":12,"minecraft:stick":4,"minecraft:diamond_helmet":2,"minecraft:iron_leggings":2,"minecraft:pumpkin_pie":9,"minecraft:iron_axe":1,"minecraft:iron_pickaxe":3,"minecraft:iron_shovel":1,"minecraft:string":1,"minecraft:white_wool":3,"minecraft:lever":3,"minecraft:stone_sword":2,"minecraft:iron_boots":4,"minecraft:carrot":68,"minecraft:diamond_sword":1,"minecraft:shield":2,"minecraft:trial_key":2,"minecraft:diamond_chestplate":3,"minecraft:spruce_planks":13,"minecraft:iron_chestplate":4,"minecraft:diamond_boots":1},"minecraft:broken":{"minecraft:iron_shovel":1,"minecraft:iron_pickaxe":1},"minecraft:used":{"minecraft:iron_bars":2,"minecraft:stone_sword":2,"minecraft:iron_shovel":41,"minecraft:stone_shovel":2,"minecraft:chest":3,"minecraft:spruce_planks":6,"minecraft:shield":12,"minecraft:iron_sword":129,"minecraft:netherrack":7,"minecraft:iron_chestplate":1,"minecraft:torch":3,"minecraft:dirt":32,"minecraft:carrot":88,"minecraft:diamond_helmet":1,"minecraft:tuff":6,"minecraft:spruce_boat":12,"minecraft:glass":1,"minecraft:waxed_oxidized_copper":3,"minecraft:iron_block":2,"minecraft:iron_axe":113,"minecraft:spruce_button":1,"minecraft:iron_helmet":1,"minecraft:iron_boots":2,"minecraft:stone_bricks":2,"minecraft:basalt":3,"minecraft:diamond_chestplate":1,"minecraft:bow":46,"minecraft:oak_sapling":1,"minecraft:minecart":8,"minecraft:cobbled_deepslate":28,"minecraft:iron_leggings":1,"minecraft:water_bucket":57,"minecraft:warped_stem":1,"minecraft:diamond_boots":2,"minecraft:powered_rail":15,"minecraft:baked_potato":56,"minecraft:ender_pearl":2,"minecraft:diamond_axe":176,"minecraft:fletching_table":3,"minecraft:mossy_cobblestone":24,"minecraft:rail":89,"minecraft:oak_slab":1,"minecraft:crafting_table":4,"minecraft:white_bed":6,"minecraft:end_stone":1,"minecraft:redstone_torch":6,"minecraft:lever":9,"minecraft:diamond_pickaxe":175,"minecraft:ominous_trial_key":3,"minecraft:diamond_shovel":17,"minecraft:iron_pickaxe":283,"minecraft:string":35,"minecraft:lectern":165,"minecraft:tuff_brick_slab":5,"minecraft:chiseled_tuff_bricks":1,"minecraft:diamond_sword":161,"minecraft:cobblestone":30,"minecraft:stripped_oak_wood":2,"minecraft:bucket":58,"minecraft:oak_boat":3,"minecraft:pumpkin_pie":6,"minecraft:diamond_leggings":2},"minecraft:custom":{"minecraft:interact_with_anvil":3,"minecraft:mob_kills":52,"minecraft:interact_with_crafting_table":44,"minecraft:open_barrel":19,"minecraft:leave_game":14,"minecraft:time_since_death":4520,"minecraft:climb_one_cm":3767,"minecraft:sprint_one_cm":1336639,"minecraft:walk_one_cm":746244,"minecraft:damage_blocked_by_shield":885,"minecraft:drop":147,"minecraft:talked_to_villager":336,"minecraft:play_time":365415,"minecraft:sneak_time":21734,"minecraft:deaths":10,"minecraft:walk_under_water_one_cm":77276,"minecraft:boat_one_cm":185043,"minecraft:jump":6114,"minecraft:interact_with_blast_furnace":3,"minecraft:walk_on_water_one_cm":158823,"minecraft:total_world_time":365415,"minecraft:interact_with_furnace":6,"minecraft:traded_with_villager":640,"minecraft:interact_with_stonecutter":1,"minecraft:interact_with_grindstone":3,"minecraft:sleep_in_bed":15,"minecraft:time_since_rest":2023,"minecraft:damage_taken":6278,"minecraft:minecart_one_cm":94156,"minecraft:damage_dealt":8932,"minecraft:player_kills":3,"minecraft:swim_one_cm":184344,"minecraft:fly_one_cm":1866291,"minecraft:open_chest":209,"minecraft:crouch_one_cm":68117,"minecraft:interact_with_smoker":9,"minecraft:inspect_dispenser":20,"minecraft:fall_one_cm":107138,"minecraft:horse_one_cm":1859},"minecraft:mined":{"minecraft:tuff":29,"minecraft:spruce_planks":5,"minecraft:white_bed":6,"minecraft:mossy_cobblestone":1,"minecraft:end_stone":23,"minecraft:lever":9,"minecraft:allium":34,"minecraft:grass_block":18,"minecraft:tuff_brick_slab":5,"minecraft:spruce_leaves":6,"minecraft:chiseled_tuff_bricks":1,"minecraft:tuff_bricks":2,"minecraft:large_fern":2,"minecraft:tall_seagrass":5,"minecraft:cobbled_deepslate":1,"minecraft:fire":20,"minecraft:stripped_spruce_log":1,"minecraft:fletching_table":2,"minecraft:dirt_path":4,"minecraft:rail":115,"minecraft:iron_bars":2,"minecraft:warped_stem":1,"minecraft:packed_ice":15,"minecraft:warped_trapdoor":1,"minecraft:iron_block":2,"minecraft:stone":4,"minecraft:white_banner":1,"minecraft:redstone_wall_torch":1,"minecraft:tripwire":35,"minecraft:oak_slab":1,"minecraft:kelp_plant":44,"minecraft:snow_block":7,"minecraft:basalt":3,"minecraft:powder_snow":57,"minecraft:crafting_table":5,"minecraft:torch":3,"minecraft:short_grass":9,"minecraft:chest":1,"minecraft:lectern":165,"minecraft:glass":5,"minecraft:tall_grass":7,"minecraft:cobblestone":8,"minecraft:deepslate_gold_ore":1,"minecraft:sugar_cane":5,"minecraft:wall_torch":1,"minecraft:seagrass":13,"minecraft:warped_nylium":1,"minecraft:powered_rail":10,"minecraft:waxed_oxidized_copper_grate":1,"minecraft:spruce_log":94,"minecraft:birch_leaves":2,"minecraft:stripped_oak_wood":2,"minecraft:oak_log":4,"minecraft:waxed_oxidized_copper":3,"minecraft:gravel":2,"minecraft:dirt":20,"minecraft:stone_bricks":2,"minecraft:netherrack":8,"minecraft:oak_leaves":17,"minecraft:deepslate":217},"minecraft:picked_up":{"minecraft:iron_chestplate":3,"minecraft:crafting_table":5,"minecraft:allium":34,"minecraft:tuff_brick_slab":5,"minecraft:ominous_bottle":1,"minecraft:ladder":5,"minecraft:diamond_sword":6,"minecraft:enchanted_book":2,"minecraft:shield":7,"minecraft:wind_charge":19,"minecraft:string":4668,"minecraft:flow_banner_pattern":1,"minecraft:iron_axe":1,"minecraft:iron_leggings":1,"minecraft:iron_shovel":1,"minecraft:diamond_leggings":5,"minecraft:cobbled_deepslate":133,"minecraft:bucket":12,"minecraft:spruce_planks":19,"minecraft:beef":3,"minecraft:trial_key":2,"minecraft:oak_boat":4,"minecraft:redstone_torch":3,"minecraft:iron_pickaxe":4,"minecraft:minecart":31,"minecraft:lectern":167,"minecraft:guster_pottery_sherd":1,"minecraft:sugar_cane":8,"minecraft:chest":1,"minecraft:waxed_oxidized_copper":3,"minecraft:iron_boots":3,"minecraft:tipped_arrow":3,"minecraft:stick":18,"minecraft:end_stone":20,"minecraft:torch":3,"minecraft:flow_pottery_sherd":2,"minecraft:carrot":1,"minecraft:stone_sword":1,"minecraft:arrow":505,"minecraft:rotten_flesh":11,"minecraft:diamond_chestplate":10,"minecraft:pumpkin_pie":18,"minecraft:diamond_boots":6,"minecraft:iron_block":2,"minecraft:flow_armor_trim_smithing_template":1,"minecraft:tuff_bricks":1,"minecraft:mutton":1,"minecraft:iron_bars":2,"minecraft:rail":125,"minecraft:snowball":28,"minecraft:white_wool":4,"minecraft:cobblestone":181,"minecraft:basalt":3,"minecraft:water_bucket":3,"minecraft:tuff":10,"minecraft:oak_log":4,"minecraft:warped_trapdoor":1,"minecraft:gunpowder":3,"minecraft:dirt":35,"minecraft:white_banner":1,"minecraft:glass":65,"minecraft:bone":17,"minecraft:stone_bricks":2,"minecraft:kelp":140,"minecraft:bow":7,"minecraft:wheat_seeds":1,"minecraft:warped_stem":1,"minecraft:iron_ingot":52,"minecraft:stripped_oak_wood":2,"minecraft:fletching_table":2,"minecraft:diamond_helmet":7,"minecraft:powered_rail":10,"minecraft:iron_sword":3,"minecraft:oak_planks":1,"minecraft:oak_slab":1,"minecraft:stripped_spruce_log":1,"minecraft:spruce_sapling":6,"minecraft:dead_bush":1,"minecraft:white_bed":6,"minecraft:spruce_log":94,"minecraft:mossy_cobblestone":91,"minecraft:diamond_shovel":5,"minecraft:diamond":2,"minecraft:spruce_boat":13,"minecraft:lever":13,"minecraft:waxed_oxidized_copper_grate":2,"minecraft:iron_helmet":3,"minecraft:breeze_rod":8,"minecraft:diamond_axe":2,"minecraft:emerald":42,"minecraft:spruce_button":1,"minecraft:baked_potato":300,"minecraft:oak_sapling":2,"minecraft:netherrack":8,"minecraft:ominous_trial_key":3,"minecraft:chiseled_tuff_bricks":1,"minecraft:diamond_pickaxe":5,"minecraft:ender_pearl":6},"minecraft:crafted":{"minecraft:oak_planks":16,"minecraft:spruce_button":1,"minecraft:diamond_shovel":1,"minecraft:diamond_helmet":1,"minecraft:bow":2,"minecraft:diamond_leggings":1,"minecraft:iron_boots":4,"minecraft:iron_axe":3,"minecraft:diamond_boots":1,"minecraft:magenta_dye":15,"minecraft:diamond_sword":1,"minecraft:emerald":629,"minecraft:diamond_axe":2,"minecraft:crafting_table":1,"minecraft:spruce_planks":628,"minecraft:iron_helmet":4,"minecraft:powered_rail":6,"minecraft:baked_potato":110,"minecraft:iron_sword":3,"minecraft:fletching_table":2,"minecraft:bucket":2,"minecraft:enchanted_book":2,"minecraft:air":0,"minecraft:oak_boat":1,"minecraft:white_wool":4,"minecraft:iron_chestplate":4,"minecraft:diamond_pickaxe":1,"minecraft:shield":3,"minecraft:stick":788,"minecraft:iron_ingot":162,"minecraft:iron_pickaxe":3,"minecraft:iron_shovel":3,"minecraft:iron_leggings":4,"minecraft:gold_ingot":8,"minecraft:white_bed":2,"minecraft:redstone_torch":3,"minecraft:diamond_chestplate":1},"minecraft:killed":{"minecraft:spider":1,"minecraft:skeleton":3,"minecraft:silverfish":5,"minecraft:magma_cube":7,"minecraft:creeper":1,"minecraft:zombie":13,"minecraft:stray":9,"minecraft:breeze":9,"minecraft:wither_skeleton":1,"minecraft:villager":1,"minecraft:enderman":1}},"DataVersion":3953}