{"stats":{"minecraft:killed_by":{"minecraft:player":1},"minecraft:dropped":{"minecraft:iron_chestplate":1,"minecraft:iron_helmet":1,"minecraft:iron_leggings":1,"minecraft:iron_boots":1,"minecraft:carrot":12},"minecraft:used":{"minecraft:iron_axe":2,"minecraft:iron_boots":1,"minecraft:fletching_table":1,"minecraft:dirt":1,"minecraft:carrot":4},"minecraft:mined":{"minecraft:grass_block":1,"minecraft:lectern":1},"minecraft:custom":{"minecraft:time_since_rest":15133,"minecraft:sprint_one_cm":69599,"minecraft:damage_taken":410,"minecraft:walk_one_cm":20596,"minecraft:drop":16,"minecraft:damage_dealt":59,"minecraft:talked_to_villager":4,"minecraft:interact_with_crafting_table":13,"minecraft:swim_one_cm":41239,"minecraft:fly_one_cm":84108,"minecraft:open_chest":34,"minecraft:crouch_one_cm":1033,"minecraft:play_time":18385,"minecraft:deaths":1,"minecraft:sneak_time":453,"minecraft:walk_under_water_one_cm":2527,"minecraft:jump":367,"minecraft:interact_with_stonecutter":1,"minecraft:leave_game":1,"minecraft:walk_on_water_one_cm":8254,"minecraft:time_since_death":15102,"minecraft:interact_with_smoker":3,"minecraft:total_world_time":18385,"minecraft:fall_one_cm":5115,"minecraft:horse_one_cm":1859},"minecraft:picked_up":{"minecraft:carrot":1,"minecraft:dirt":1,"minecraft:lectern":1},"minecraft:crafted":{"minecraft:bow":1,"minecraft:iron_boots":2,"minecraft:iron_chestplate":2,"minecraft:shield":1,"minecraft:iron_axe":1,"minecraft:spruce_planks":20,"minecraft:baked_potato":13,"minecraft:stick":12,"minecraft:iron_ingot":63,"minecraft:iron_helmet":2,"minecraft:iron_pickaxe":1,"minecraft:iron_sword":1,"minecraft:iron_shovel":1,"minecraft:iron_leggings":2,"minecraft:fletching_table":2}},"DataVersion":3953}