{"stats":{"minecraft:killed_by":{"minecraft:player":1,"minecraft:wither_skeleton":1},"minecraft:dropped":{"minecraft:iron_ingot":16,"minecraft:iron_sword":3,"minecraft:stone_sword":2,"minecraft:iron_helmet":4,"minecraft:iron_boots":4,"minecraft:carrot":68,"minecraft:iron_chestplate":4,"minecraft:iron_leggings":2,"minecraft:pumpkin_pie":9,"minecraft:iron_axe":1,"minecraft:iron_pickaxe":3,"minecraft:iron_shovel":1,"minecraft:string":1,"minecraft:white_wool":3},"minecraft:broken":{"minecraft:iron_shovel":1,"minecraft:iron_pickaxe":1},"minecraft:used":{"minecraft:warped_stem":1,"minecraft:stone_sword":2,"minecraft:iron_shovel":41,"minecraft:stone_shovel":2,"minecraft:baked_potato":1,"minecraft:spruce_planks":1,"minecraft:shield":5,"minecraft:iron_sword":128,"minecraft:fletching_table":1,"minecraft:netherrack":4,"minecraft:iron_chestplate":1,"minecraft:torch":2,"minecraft:dirt":22,"minecraft:crafting_table":4,"minecraft:carrot":55,"minecraft:white_bed":4,"minecraft:tuff":6,"minecraft:iron_axe":17,"minecraft:iron_block":2,"minecraft:string":35,"minecraft:iron_pickaxe":265,"minecraft:iron_helmet":1,"minecraft:iron_boots":2,"minecraft:basalt":3,"minecraft:oak_sapling":1,"minecraft:pumpkin_pie":6,"minecraft:oak_boat":3,"minecraft:cobbled_deepslate":28,"minecraft:iron_leggings":1},"minecraft:mined":{"minecraft:tuff":29,"minecraft:white_bed":3,"minecraft:kelp_plant":44,"minecraft:snow_block":7,"minecraft:basalt":3,"minecraft:powder_snow":43,"minecraft:crafting_table":5,"minecraft:torch":3,"minecraft:short_grass":1,"minecraft:grass_block":9,"minecraft:lectern":1,"minecraft:glass":2,"minecraft:spruce_leaves":2,"minecraft:deepslate_gold_ore":1,"minecraft:sugar_cane":5,"minecraft:wall_torch":1,"minecraft:seagrass":13,"minecraft:tall_seagrass":5,"minecraft:warped_nylium":1,"minecraft:fire":1,"minecraft:cobbled_deepslate":1,"minecraft:birch_leaves":2,"minecraft:oak_log":4,"minecraft:dirt_path":4,"minecraft:warped_stem":1,"minecraft:gravel":2,"minecraft:dirt":19,"minecraft:warped_trapdoor":1,"minecraft:iron_block":2,"minecraft:netherrack":5,"minecraft:oak_leaves":16,"minecraft:deepslate":217,"minecraft:tripwire":35},"minecraft:custom":{"minecraft:interact_with_furnace":2,"minecraft:mob_kills":14,"minecraft:traded_with_villager":186,"minecraft:interact_with_crafting_table":37,"minecraft:open_barrel":13,"minecraft:interact_with_grindstone":2,"minecraft:interact_with_stonecutter":1,"minecraft:leave_game":6,"minecraft:time_since_death":80559,"minecraft:sleep_in_bed":8,"minecraft:time_since_rest":4875,"minecraft:sprint_one_cm":455568,"minecraft:damage_taken":2301,"minecraft:walk_one_cm":230089,"minecraft:damage_blocked_by_shield":420,"minecraft:drop":105,"minecraft:damage_dealt":2729,"minecraft:swim_one_cm":106273,"minecraft:talked_to_villager":45,"minecraft:player_kills":3,"minecraft:fly_one_cm":365041,"minecraft:open_chest":69,"minecraft:crouch_one_cm":26280,"minecraft:play_time":119656,"minecraft:deaths":3,"minecraft:sneak_time":7703,"minecraft:walk_under_water_one_cm":14694,"minecraft:boat_one_cm":32021,"minecraft:jump":2121,"minecraft:walk_on_water_one_cm":39819,"minecraft:total_world_time":119656,"minecraft:interact_with_smoker":3,"minecraft:fall_one_cm":30468,"minecraft:horse_one_cm":1859},"minecraft:picked_up":{"minecraft:crafting_table":5,"minecraft:iron_chestplate":3,"minecraft:basalt":3,"minecraft:tuff":10,"minecraft:oak_log":4,"minecraft:warped_trapdoor":1,"minecraft:gunpowder":3,"minecraft:dirt":25,"minecraft:string":2473,"minecraft:iron_axe":1,"minecraft:iron_leggings":1,"minecraft:iron_shovel":1,"minecraft:bone":3,"minecraft:kelp":140,"minecraft:cobbled_deepslate":133,"minecraft:warped_stem":1,"minecraft:spruce_planks":1,"minecraft:iron_ingot":52,"minecraft:beef":3,"minecraft:oak_boat":3,"minecraft:iron_pickaxe":4,"minecraft:lectern":1,"minecraft:sugar_cane":8,"minecraft:iron_sword":3,"minecraft:iron_boots":3,"minecraft:stick":6,"minecraft:torch":2,"minecraft:white_bed":3,"minecraft:carrot":1,"minecraft:stone_sword":1,"minecraft:arrow":3,"minecraft:pumpkin_pie":18,"minecraft:iron_helmet":3,"minecraft:iron_block":2,"minecraft:oak_sapling":2,"minecraft:netherrack":5,"minecraft:snowball":28,"minecraft:white_wool":3},"minecraft:crafted":{"minecraft:oak_planks":16,"minecraft:diamond_sword":1,"minecraft:emerald":180,"minecraft:diamond_axe":1,"minecraft:crafting_table":1,"minecraft:spruce_planks":248,"minecraft:baked_potato":13,"minecraft:iron_helmet":4,"minecraft:iron_sword":3,"minecraft:fletching_table":2,"minecraft:air":0,"minecraft:oak_boat":1,"minecraft:diamond_helmet":1,"minecraft:diamond_leggings":1,"minecraft:white_wool":3,"minecraft:bow":1,"minecraft:iron_boots":4,"minecraft:iron_chestplate":4,"minecraft:shield":3,"minecraft:iron_axe":3,"minecraft:stick":32,"minecraft:iron_ingot":162,"minecraft:iron_pickaxe":3,"minecraft:diamond_boots":1,"minecraft:iron_shovel":3,"minecraft:iron_leggings":4,"minecraft:white_bed":1,"minecraft:diamond_chestplate":1},"minecraft:killed":{"minecraft:magma_cube":7,"minecraft:spider":1,"minecraft:creeper":1,"minecraft:skeleton":3,"minecraft:zombie":1,"minecraft:wither_skeleton":1}},"DataVersion":3953}