{"stats":{"minecraft:killed_by":{"minecraft:player":1,"minecraft:wither_skeleton":1},"minecraft:dropped":{"minecraft:iron_ingot":16,"minecraft:iron_sword":3,"minecraft:stone_sword":2,"minecraft:iron_helmet":4,"minecraft:iron_boots":4,"minecraft:carrot":68,"minecraft:iron_chestplate":4,"minecraft:iron_leggings":2,"minecraft:pumpkin_pie":9,"minecraft:iron_axe":1,"minecraft:iron_pickaxe":3,"minecraft:iron_shovel":1},"minecraft:broken":{"minecraft:iron_shovel":1},"minecraft:used":{"minecraft:stone_sword":2,"minecraft:iron_shovel":2,"minecraft:stone_shovel":2,"minecraft:baked_potato":1,"minecraft:spruce_planks":1,"minecraft:shield":2,"minecraft:iron_sword":19,"minecraft:fletching_table":1,"minecraft:netherrack":4,"minecraft:iron_chestplate":1,"minecraft:dirt":5,"minecraft:carrot":12,"minecraft:iron_axe":2,"minecraft:iron_block":2,"minecraft:iron_pickaxe":7,"minecraft:iron_helmet":1,"minecraft:iron_boots":2,"minecraft:pumpkin_pie":6,"minecraft:iron_leggings":1},"minecraft:mined":{"minecraft:powder_snow":33,"minecraft:torch":1,"minecraft:grass_block":4,"minecraft:lectern":1,"minecraft:glass":2,"minecraft:wall_torch":1,"minecraft:warped_nylium":1,"minecraft:fire":1,"minecraft:dirt_path":4,"minecraft:dirt":4,"minecraft:iron_block":2,"minecraft:netherrack":4},"minecraft:custom":{"minecraft:interact_with_furnace":2,"minecraft:mob_kills":8,"minecraft:interact_with_crafting_table":26,"minecraft:interact_with_stonecutter":1,"minecraft:leave_game":3,"minecraft:time_since_death":20028,"minecraft:sleep_in_bed":2,"minecraft:time_since_rest":12148,"minecraft:sprint_one_cm":126681,"minecraft:damage_taken":1353,"minecraft:walk_one_cm":59212,"minecraft:damage_blocked_by_shield":240,"minecraft:drop":103,"minecraft:damage_dealt":928,"minecraft:swim_one_cm":56222,"minecraft:talked_to_villager":4,"minecraft:fly_one_cm":132014,"minecraft:player_kills":2,"minecraft:open_chest":46,"minecraft:crouch_one_cm":9651,"minecraft:play_time":39038,"minecraft:deaths":2,"minecraft:sneak_time":2912,"minecraft:walk_under_water_one_cm":5460,"minecraft:jump":701,"minecraft:walk_on_water_one_cm":15705,"minecraft:interact_with_smoker":3,"minecraft:total_world_time":39038,"minecraft:fall_one_cm":10470,"minecraft:horse_one_cm":1859},"minecraft:picked_up":{"minecraft:iron_chestplate":3,"minecraft:dirt":5,"minecraft:iron_axe":1,"minecraft:iron_leggings":1,"minecraft:iron_shovel":1,"minecraft:bone":1,"minecraft:spruce_planks":1,"minecraft:iron_ingot":52,"minecraft:iron_pickaxe":3,"minecraft:lectern":1,"minecraft:iron_sword":3,"minecraft:iron_boots":3,"minecraft:stick":5,"minecraft:carrot":1,"minecraft:stone_sword":1,"minecraft:pumpkin_pie":18,"minecraft:iron_helmet":3,"minecraft:iron_block":2,"minecraft:netherrack":5},"minecraft:crafted":{"minecraft:spruce_planks":32,"minecraft:baked_potato":13,"minecraft:iron_helmet":3,"minecraft:iron_sword":2,"minecraft:fletching_table":2,"minecraft:bow":1,"minecraft:iron_boots":3,"minecraft:iron_chestplate":3,"minecraft:shield":2,"minecraft:iron_axe":2,"minecraft:stick":16,"minecraft:iron_ingot":108,"minecraft:iron_pickaxe":2,"minecraft:iron_shovel":2,"minecraft:iron_leggings":3},"minecraft:killed":{"minecraft:magma_cube":7,"minecraft:wither_skeleton":1}},"DataVersion":3953}