{"stats":{"minecraft:killed_by":{"minecraft:player":1,"minecraft:wither_skeleton":1},"minecraft:dropped":{"minecraft:iron_ingot":15,"minecraft:iron_sword":2,"minecraft:stone_sword":2,"minecraft:iron_chestplate":3,"minecraft:iron_helmet":3,"minecraft:iron_leggings":2,"minecraft:iron_boots":3,"minecraft:iron_pickaxe":1,"minecraft:carrot":12},"minecraft:broken":{"minecraft:iron_shovel":1},"minecraft:used":{"minecraft:stone_sword":2,"minecraft:iron_shovel":2,"minecraft:iron_block":2,"minecraft:iron_axe":2,"minecraft:stone_shovel":2,"minecraft:iron_pickaxe":2,"minecraft:iron_helmet":1,"minecraft:baked_potato":1,"minecraft:shield":2,"minecraft:iron_sword":10,"minecraft:iron_boots":2,"minecraft:fletching_table":1,"minecraft:iron_chestplate":1,"minecraft:dirt":5,"minecraft:carrot":4,"minecraft:iron_leggings":1},"minecraft:mined":{"minecraft:powder_snow":33,"minecraft:grass_block":4,"minecraft:dirt_path":4,"minecraft:dirt":4,"minecraft:lectern":1,"minecraft:glass":2,"minecraft:iron_block":2,"minecraft:wall_torch":1},"minecraft:custom":{"minecraft:time_since_rest":3495,"minecraft:interact_with_furnace":2,"minecraft:sprint_one_cm":92385,"minecraft:damage_taken":880,"minecraft:walk_one_cm":40846,"minecraft:damage_blocked_by_shield":240,"minecraft:mob_kills":1,"minecraft:drop":29,"minecraft:player_kills":2,"minecraft:damage_dealt":739,"minecraft:talked_to_villager":4,"minecraft:interact_with_crafting_table":26,"minecraft:swim_one_cm":56222,"minecraft:fly_one_cm":113880,"minecraft:open_chest":46,"minecraft:crouch_one_cm":1661,"minecraft:play_time":30385,"minecraft:deaths":2,"minecraft:sneak_time":835,"minecraft:walk_under_water_one_cm":5460,"minecraft:jump":548,"minecraft:interact_with_stonecutter":1,"minecraft:leave_game":1,"minecraft:walk_on_water_one_cm":15705,"minecraft:time_since_death":11375,"minecraft:sleep_in_bed":2,"minecraft:interact_with_smoker":3,"minecraft:total_world_time":30385,"minecraft:fall_one_cm":8150,"minecraft:horse_one_cm":1859},"minecraft:picked_up":{"minecraft:stick":5,"minecraft:iron_chestplate":2,"minecraft:carrot":1,"minecraft:dirt":5,"minecraft:iron_leggings":1,"minecraft:stone_sword":1,"minecraft:bone":1,"minecraft:iron_block":2,"minecraft:iron_helmet":2,"minecraft:iron_ingot":12,"minecraft:iron_pickaxe":1,"minecraft:lectern":1,"minecraft:iron_sword":2,"minecraft:iron_boots":2},"minecraft:crafted":{"minecraft:bow":1,"minecraft:iron_boots":3,"minecraft:iron_chestplate":3,"minecraft:shield":2,"minecraft:iron_axe":2,"minecraft:spruce_planks":32,"minecraft:baked_potato":13,"minecraft:stick":16,"minecraft:iron_ingot":108,"minecraft:iron_helmet":3,"minecraft:iron_pickaxe":2,"minecraft:iron_sword":2,"minecraft:iron_shovel":2,"minecraft:iron_leggings":3,"minecraft:fletching_table":2},"minecraft:killed":{"minecraft:wither_skeleton":1}},"DataVersion":3953}