{"stats":{"minecraft:killed_by":{"minecraft:player":1,"minecraft:wither_skeleton":1},"minecraft:dropped":{"minecraft:iron_ingot":16,"minecraft:iron_sword":3,"minecraft:stone_sword":2,"minecraft:iron_helmet":4,"minecraft:iron_boots":4,"minecraft:carrot":68,"minecraft:iron_chestplate":4,"minecraft:iron_leggings":2,"minecraft:pumpkin_pie":9,"minecraft:iron_axe":1,"minecraft:iron_pickaxe":3,"minecraft:iron_shovel":1,"minecraft:string":1},"minecraft:broken":{"minecraft:iron_shovel":1,"minecraft:iron_pickaxe":1},"minecraft:used":{"minecraft:warped_stem":1,"minecraft:stone_sword":2,"minecraft:iron_shovel":3,"minecraft:stone_shovel":2,"minecraft:baked_potato":1,"minecraft:spruce_planks":1,"minecraft:shield":4,"minecraft:iron_sword":44,"minecraft:fletching_table":1,"minecraft:netherrack":4,"minecraft:iron_chestplate":1,"minecraft:dirt":5,"minecraft:carrot":29,"minecraft:tuff":6,"minecraft:iron_axe":6,"minecraft:iron_block":2,"minecraft:string":35,"minecraft:iron_pickaxe":253,"minecraft:iron_helmet":1,"minecraft:iron_boots":2,"minecraft:basalt":3,"minecraft:pumpkin_pie":6,"minecraft:cobbled_deepslate":28,"minecraft:iron_leggings":1},"minecraft:mined":{"minecraft:tuff":29,"minecraft:basalt":3,"minecraft:powder_snow":33,"minecraft:torch":1,"minecraft:grass_block":4,"minecraft:lectern":1,"minecraft:glass":2,"minecraft:wall_torch":1,"minecraft:warped_nylium":1,"minecraft:cobbled_deepslate":1,"minecraft:fire":1,"minecraft:dirt_path":4,"minecraft:warped_stem":1,"minecraft:gravel":2,"minecraft:dirt":4,"minecraft:iron_block":2,"minecraft:netherrack":5,"minecraft:deepslate":206,"minecraft:tripwire":35},"minecraft:custom":{"minecraft:interact_with_furnace":2,"minecraft:mob_kills":12,"minecraft:traded_with_villager":11,"minecraft:interact_with_crafting_table":32,"minecraft:open_barrel":2,"minecraft:interact_with_stonecutter":1,"minecraft:leave_game":4,"minecraft:time_since_death":35870,"minecraft:sleep_in_bed":3,"minecraft:time_since_rest":30730,"minecraft:sprint_one_cm":251350,"minecraft:damage_taken":1777,"minecraft:walk_one_cm":156697,"minecraft:damage_blocked_by_shield":360,"minecraft:drop":104,"minecraft:damage_dealt":2227,"minecraft:swim_one_cm":57377,"minecraft:talked_to_villager":13,"minecraft:fly_one_cm":216717,"minecraft:player_kills":3,"minecraft:open_chest":63,"minecraft:crouch_one_cm":23171,"minecraft:play_time":74967,"minecraft:deaths":3,"minecraft:sneak_time":6924,"minecraft:walk_under_water_one_cm":7049,"minecraft:jump":1209,"minecraft:walk_on_water_one_cm":19346,"minecraft:interact_with_smoker":3,"minecraft:total_world_time":74967,"minecraft:fall_one_cm":13460,"minecraft:horse_one_cm":1859},"minecraft:picked_up":{"minecraft:iron_chestplate":3,"minecraft:basalt":3,"minecraft:tuff":9,"minecraft:gunpowder":1,"minecraft:dirt":5,"minecraft:string":110,"minecraft:iron_axe":1,"minecraft:iron_leggings":1,"minecraft:iron_shovel":1,"minecraft:bone":3,"minecraft:cobbled_deepslate":119,"minecraft:warped_stem":1,"minecraft:spruce_planks":1,"minecraft:iron_ingot":52,"minecraft:iron_pickaxe":3,"minecraft:lectern":1,"minecraft:iron_sword":3,"minecraft:iron_boots":3,"minecraft:stick":5,"minecraft:carrot":1,"minecraft:stone_sword":1,"minecraft:arrow":2,"minecraft:pumpkin_pie":18,"minecraft:iron_helmet":3,"minecraft:iron_block":2,"minecraft:netherrack":5},"minecraft:crafted":{"minecraft:emerald":11,"minecraft:spruce_planks":248,"minecraft:baked_potato":13,"minecraft:iron_helmet":4,"minecraft:iron_sword":3,"minecraft:fletching_table":2,"minecraft:air":0,"minecraft:bow":1,"minecraft:iron_boots":4,"minecraft:iron_chestplate":4,"minecraft:shield":3,"minecraft:iron_axe":3,"minecraft:stick":32,"minecraft:iron_ingot":162,"minecraft:iron_pickaxe":3,"minecraft:iron_shovel":3,"minecraft:iron_leggings":4},"minecraft:killed":{"minecraft:magma_cube":7,"minecraft:spider":1,"minecraft:skeleton":2,"minecraft:zombie":1,"minecraft:wither_skeleton":1}},"DataVersion":3953}