{"stats":{"minecraft:dropped":{"minecraft:iron_sword":3,"minecraft:baked_potato":825,"minecraft:elytra":1,"minecraft:rail":12,"minecraft:dirt":6,"minecraft:packed_ice":3,"minecraft:pumpkin_pie":9,"minecraft:iron_pickaxe":3,"minecraft:white_wool":3,"minecraft:sugar_cane":136,"minecraft:lever":3,"minecraft:rotten_flesh":131,"minecraft:carrot":68,"minecraft:wind_charge":34,"minecraft:leather_boots":2,"minecraft:firework_rocket":5,"minecraft:water_bucket":1,"minecraft:enchanted_book":2,"minecraft:iron_ingot":16,"minecraft:wheat_seeds":1,"minecraft:minecart":1,"minecraft:iron_helmet":4,"minecraft:ominous_trial_key":4,"minecraft:golden_apple":1,"minecraft:stick":4,"minecraft:iron_block":50,"minecraft:diamond_helmet":2,"minecraft:iron_leggings":2,"minecraft:oak_stairs":34,"minecraft:iron_axe":1,"minecraft:iron_shovel":1,"minecraft:string":1,"minecraft:stone_sword":2,"minecraft:iron_boots":4,"minecraft:pumpkin_seeds":1,"minecraft:diamond_sword":1,"minecraft:stone":1508,"minecraft:shield":2,"minecraft:trial_key":4,"minecraft:diamond_chestplate":3,"minecraft:spruce_planks":13,"minecraft:iron_chestplate":4,"minecraft:diamond_pickaxe":1,"minecraft:stone_bricks":256,"minecraft:diamond_boots":2,"minecraft:spruce_log":8},"minecraft:custom":{"minecraft:interact_with_crafting_table":60,"minecraft:open_barrel":20,"minecraft:open_shulker_box":32,"minecraft:leave_game":31,"minecraft:time_since_death":78776,"minecraft:sprint_one_cm":2152536,"minecraft:damage_blocked_by_shield":1020,"minecraft:drop":232,"minecraft:talked_to_villager":404,"minecraft:play_time":748754,"minecraft:deaths":47,"minecraft:jump":10392,"minecraft:walk_on_water_one_cm":220611,"minecraft:interact_with_furnace":26,"minecraft:traded_with_villager":831,"minecraft:sleep_in_bed":27,"minecraft:damage_dealt":17830,"minecraft:player_kills":3,"minecraft:crouch_one_cm":176483,"minecraft:interact_with_smoker":129,"minecraft:use_cauldron":14,"minecraft:inspect_dispenser":20,"minecraft:horse_one_cm":1904,"minecraft:mob_kills":531,"minecraft:interact_with_anvil":12,"minecraft:inspect_hopper":7,"minecraft:climb_one_cm":36216,"minecraft:walk_one_cm":1370920,"minecraft:sneak_time":50340,"minecraft:walk_under_water_one_cm":170047,"minecraft:boat_one_cm":383228,"minecraft:interact_with_blast_furnace":3,"minecraft:total_world_time":748754,"minecraft:interact_with_grindstone":6,"minecraft:interact_with_stonecutter":1,"minecraft:time_since_rest":10690,"minecraft:damage_taken":18524,"minecraft:minecart_one_cm":94156,"minecraft:swim_one_cm":293381,"minecraft:fly_one_cm":2623135,"minecraft:open_chest":501,"minecraft:aviate_one_cm":607794,"minecraft:fall_one_cm":185147},"minecraft:crafted":{"minecraft:oak_planks":32,"minecraft:diamond_shovel":2,"minecraft:shulker_box":1,"minecraft:warped_planks":12,"minecraft:magenta_shulker_box":2,"minecraft:hopper":2,"minecraft:diamond_helmet":2,"minecraft:bow":2,"minecraft:diamond_leggings":2,"minecraft:iron_boots":4,"minecraft:chest":6,"minecraft:magenta_dye":15,"minecraft:stone_bricks":1152,"minecraft:smoker":2,"minecraft:emerald":804,"minecraft:diamond_axe":3,"minecraft:crafting_table":2,"minecraft:spruce_planks":660,"minecraft:iron_helmet":4,"minecraft:baked_potato":647,"minecraft:fletching_table":2,"minecraft:iron_chestplate":4,"minecraft:diamond_pickaxe":2,"minecraft:shield":3,"minecraft:stick":788,"minecraft:iron_ingot":180,"minecraft:iron_pickaxe":3,"minecraft:gold_ingot":8,"minecraft:pink_tulip":1,"minecraft:redstone_torch":3,"minecraft:spruce_button":1,"minecraft:furnace":2,"minecraft:pink_dye":1,"minecraft:oak_trapdoor":2,"minecraft:iron_axe":3,"minecraft:diamond_boots":1,"minecraft:magenta_bed":1,"minecraft:diamond_sword":2,"minecraft:powered_rail":6,"minecraft:iron_sword":3,"minecraft:bucket":2,"minecraft:enchanted_book":10,"minecraft:air":0,"minecraft:oak_boat":1,"minecraft:white_wool":4,"minecraft:iron_shovel":3,"minecraft:iron_leggings":4,"minecraft:anvil":1,"minecraft:white_bed":3,"minecraft:diamond_chestplate":2},"minecraft:used":{"minecraft:iron_shovel":41,"minecraft:elytra":2,"minecraft:chest":13,"minecraft:shield":13,"minecraft:stone":10,"minecraft:iron_sword":129,"minecraft:rotten_flesh":8,"minecraft:iron_chestplate":2,"minecraft:mutton":7,"minecraft:carrot":89,"minecraft:tuff":6,"minecraft:snowball":12,"minecraft:glass":1,"minecraft:spruce_boat":37,"minecraft:waxed_oxidized_copper":3,"minecraft:lava_bucket":2,"minecraft:waxed_oxidized_copper_grate":4,"minecraft:warped_nylium":8,"minecraft:iron_helmet":1,"minecraft:stone_bricks":2,"minecraft:bow":179,"minecraft:oak_sapling":1,"minecraft:magenta_shulker_box":13,"minecraft:diamond_boots":7,"minecraft:chorus_fruit":4,"minecraft:stone_pickaxe":34,"minecraft:powered_rail":16,"minecraft:oak_planks":2,"minecraft:ender_pearl":5,"minecraft:diamond_axe":188,"minecraft:white_wool":2,"minecraft:end_stone":126,"minecraft:redstone_torch":6,"minecraft:lever":9,"minecraft:firework_rocket":19,"minecraft:bread":3,"minecraft:string":38,"minecraft:lectern":179,"minecraft:chiseled_tuff_bricks":1,"minecraft:diamond_sword":393,"minecraft:chainmail_boots":1,"minecraft:stripped_oak_wood":2,"minecraft:oak_boat":3,"minecraft:oak_trapdoor":2,"minecraft:iron_bars":2,"minecraft:stone_sword":2,"minecraft:stone_shovel":2,"minecraft:spruce_planks":6,"minecraft:cooked_chicken":1,"minecraft:trial_key":1,"minecraft:netherrack":33,"minecraft:torch":5,"minecraft:dirt":63,"minecraft:warped_wart_block":1,"minecraft:anvil":1,"minecraft:hopper":2,"minecraft:nether_quartz_ore":85,"minecraft:cobblestone_wall":1,"minecraft:diamond_helmet":1,"minecraft:shulker_box":1,"minecraft:iron_block":4,"minecraft:iron_axe":125,"minecraft:spruce_button":1,"minecraft:iron_boots":2,"minecraft:diamond_chestplate":2,"minecraft:basalt":3,"minecraft:golden_carrot":1,"minecraft:minecart":8,"minecraft:cobbled_deepslate":28,"minecraft:iron_leggings":1,"minecraft:water_bucket":60,"minecraft:warped_stem":1,"minecraft:baked_potato":106,"minecraft:fletching_table":3,"minecraft:leather_boots":2,"minecraft:cracked_stone_bricks":1,"minecraft:mossy_cobblestone":24,"minecraft:rail":199,"minecraft:oak_slab":1,"minecraft:crafting_table":5,"minecraft:magenta_bed":2,"minecraft:white_bed":18,"minecraft:smoker":2,"minecraft:diamond_pickaxe":2513,"minecraft:ominous_trial_key":3,"minecraft:diamond_shovel":222,"minecraft:wind_charge":16,"minecraft:oak_button":1,"minecraft:iron_pickaxe":372,"minecraft:leather_helmet":1,"minecraft:tuff_brick_slab":5,"minecraft:cobblestone":34,"minecraft:bucket":78,"minecraft:pumpkin_pie":6,"minecraft:diamond_leggings":2},"minecraft:killed":{"minecraft:spider":2,"minecraft:skeleton":3,"minecraft:chicken":1,"minecraft:silverfish":5,"minecraft:magma_cube":19,"minecraft:creeper":1,"minecraft:trader_llama":2,"minecraft:pillager":3,"minecraft:zombie":461,"minecraft:stray":12,"minecraft:drowned":2,"minecraft:wandering_trader":1,"minecraft:breeze":9,"minecraft:wither_skeleton":1,"minecraft:villager":1,"minecraft:enderman":7},"minecraft:broken":{"minecraft:iron_shovel":1,"minecraft:stone_pickaxe":1,"minecraft:bow":1,"minecraft:shield":1,"minecraft:iron_pickaxe":1},"minecraft:picked_up":{"minecraft:iron_chestplate":7,"minecraft:chainmail_boots":4,"minecraft:lead":2,"minecraft:diamond_sword":11,"minecraft:oak_stairs":92,"minecraft:potion":9,"minecraft:enchanted_book":14,"minecraft:stone_brick_stairs":1,"minecraft:string":7322,"minecraft:iron_leggings":1,"minecraft:diamond_leggings":9,"minecraft:cobbled_deepslate":160,"minecraft:bucket":43,"minecraft:spruce_planks":19,"minecraft:trial_key":5,"minecraft:redstone_torch":3,"minecraft:iron_pickaxe":5,"minecraft:iron_boots":3,"minecraft:tipped_arrow":89,"minecraft:stick":72,"minecraft:torch":5,"minecraft:golden_chestplate":1,"minecraft:stone_sword":1,"minecraft:rotten_flesh":202,"minecraft:iron_block":62,"minecraft:iron_bars":2,"minecraft:snowball":40,"minecraft:cobblestone":185,"minecraft:leather_chestplate":1,"minecraft:cooked_beef":5,"minecraft:water_bucket":12,"minecraft:potato":1,"minecraft:tuff":10,"minecraft:warped_trapdoor":1,"minecraft:magenta_bed":1,"minecraft:dirt":72,"minecraft:leather_boots":2,"minecraft:glass":170,"minecraft:bone":358,"minecraft:bow":19,"minecraft:wheat_seeds":1,"minecraft:fletching_table":2,"minecraft:diamond_helmet":12,"minecraft:powered_rail":13,"minecraft:scrape_pottery_sherd":13,"minecraft:oak_planks":3,"minecraft:warped_wart_block":1,"minecraft:stripped_spruce_log":1,"minecraft:dead_bush":1,"minecraft:shulker_box":4,"minecraft:mossy_cobblestone":91,"minecraft:diamond":4,"minecraft:spruce_boat":51,"minecraft:lever":13,"minecraft:waxed_oxidized_copper_grate":20,"minecraft:breeze_rod":58,"minecraft:golden_apple":5,"minecraft:spruce_button":1,"minecraft:spruce_sign":2,"minecraft:emerald":42,"minecraft:bread":3,"minecraft:oak_sapling":3,"minecraft:chorus_fruit":18,"minecraft:netherrack":101,"minecraft:ominous_trial_key":8,"minecraft:diamond_pickaxe":7,"minecraft:crafting_table":6,"minecraft:allium":34,"minecraft:tuff_brick_slab":5,"minecraft:ominous_bottle":1,"minecraft:ladder":5,"minecraft:packed_ice":3,"minecraft:shield":8,"minecraft:wind_charge":34,"minecraft:elytra":2,"minecraft:flow_banner_pattern":5,"minecraft:iron_axe":9,"minecraft:iron_shovel":1,"minecraft:cracked_stone_bricks":1,"minecraft:beef":3,"minecraft:oak_boat":4,"minecraft:lectern":183,"minecraft:minecart":31,"minecraft:guster_pottery_sherd":3,"minecraft:sugar_cane":144,"minecraft:chest":31,"minecraft:waxed_oxidized_copper":3,"minecraft:end_stone":146,"minecraft:stone":1921,"minecraft:flow_pottery_sherd":6,"minecraft:magenta_shulker_box":13,"minecraft:carrot":3,"minecraft:arrow":1040,"minecraft:diamond_chestplate":14,"minecraft:pumpkin_pie":18,"minecraft:diamond_boots":26,"minecraft:flow_armor_trim_smithing_template":1,"minecraft:tuff_bricks":1,"minecraft:mutton":7,"minecraft:white_wool":8,"minecraft:rail":385,"minecraft:basalt":3,"minecraft:golden_carrot":8,"minecraft:leather":2,"minecraft:oak_log":8,"minecraft:golden_boots":1,"minecraft:gunpowder":3,"minecraft:cobblestone_wall":1,"minecraft:white_banner":1,"minecraft:stone_bricks":2,"minecraft:kelp":140,"minecraft:warped_stem":1,"minecraft:stone_pickaxe":3,"minecraft:iron_ingot":52,"minecraft:cooked_chicken":1,"minecraft:stripped_oak_wood":2,"minecraft:iron_sword":3,"minecraft:oak_slab":1,"minecraft:nether_quartz_ore":85,"minecraft:stone_brick_slab":5,"minecraft:quartz":170,"minecraft:lava_bucket":1,"minecraft:spruce_sapling":7,"minecraft:blast_furnace":1,"minecraft:white_bed":25,"minecraft:spruce_log":111,"minecraft:spider_eye":1,"minecraft:leather_helmet":12,"minecraft:pumpkin_seeds":1,"minecraft:firework_rocket":123,"minecraft:diamond_shovel":10,"minecraft:iron_helmet":4,"minecraft:diamond_axe":2,"minecraft:oak_button":1,"minecraft:baked_potato":1334,"minecraft:warped_nylium":13,"minecraft:chiseled_tuff_bricks":5,"minecraft:hopper":1,"minecraft:ender_pearl":34},"minecraft:mined":{"minecraft:spruce_planks":5,"minecraft:white_bed":16,"minecraft:grass_block":30,"minecraft:tuff_brick_slab":5,"minecraft:chiseled_tuff_bricks":1,"minecraft:tuff_bricks":2,"minecraft:tall_seagrass":5,"minecraft:cobbled_deepslate":6,"minecraft:fire":25,"minecraft:fletching_table":2,"minecraft:dirt_path":4,"minecraft:iron_bars":2,"minecraft:white_banner":1,"minecraft:iron_block":3,"minecraft:tripwire":37,"minecraft:kelp_plant":44,"minecraft:powder_snow":87,"minecraft:torch":3,"minecraft:blast_furnace":1,"minecraft:chest":3,"minecraft:glass":5,"minecraft:nether_quartz_ore":174,"minecraft:cobblestone":8,"minecraft:sugar_cane":73,"minecraft:oak_planks":2,"minecraft:wall_torch":1,"minecraft:magenta_shulker_box":13,"minecraft:seagrass":13,"minecraft:warped_nylium":14,"minecraft:powered_rail":11,"minecraft:magenta_bed":1,"minecraft:stripped_oak_wood":2,"minecraft:stone_brick_stairs":1,"minecraft:oak_log":8,"minecraft:waxed_oxidized_copper":3,"minecraft:dirt":53,"minecraft:netherrack":176,"minecraft:oak_leaves":22,"minecraft:deepslate":221,"minecraft:tuff":29,"minecraft:mossy_cobblestone":1,"minecraft:shulker_box":2,"minecraft:end_stone":151,"minecraft:lever":9,"minecraft:allium":34,"minecraft:spruce_leaves":6,"minecraft:large_fern":2,"minecraft:snow":6,"minecraft:stripped_spruce_log":1,"minecraft:rail":200,"minecraft:warped_stem":1,"minecraft:packed_ice":31,"minecraft:chorus_plant":1,"minecraft:warped_trapdoor":1,"minecraft:stone":1904,"minecraft:white_wool":1,"minecraft:redstone_wall_torch":1,"minecraft:oak_slab":1,"minecraft:snow_block":161,"minecraft:basalt":3,"minecraft:stone_brick_slab":4,"minecraft:crafting_table":6,"minecraft:short_grass":9,"minecraft:lectern":179,"minecraft:tall_grass":7,"minecraft:deepslate_gold_ore":1,"minecraft:warped_wart_block":1,"minecraft:cobblestone_wall":1,"minecraft:waxed_oxidized_copper_grate":3,"minecraft:spruce_log":94,"minecraft:birch_leaves":2,"minecraft:coal_ore":4,"minecraft:gravel":2,"minecraft:cracked_stone_bricks":1,"minecraft:stone_bricks":2},"minecraft:killed_by":{"minecraft:wither_skeleton":1,"minecraft:silverfish":1,"minecraft:zombie":23,"minecraft:player":3,"minecraft:stray":8,"minecraft:enderman":1,"minecraft:ender_dragon":6}},"DataVersion":3953}