{"stats":{"minecraft:killed_by":{"minecraft:player":3,"minecraft:wither_skeleton":1,"minecraft:stray":8,"minecraft:ender_dragon":6,"minecraft:silverfish":1,"minecraft:zombie":23},"minecraft:dropped":{"minecraft:enchanted_book":2,"minecraft:water_bucket":1,"minecraft:iron_ingot":16,"minecraft:iron_sword":3,"minecraft:wheat_seeds":1,"minecraft:minecart":1,"minecraft:iron_helmet":4,"minecraft:ominous_trial_key":4,"minecraft:rail":12,"minecraft:golden_apple":1,"minecraft:stick":4,"minecraft:diamond_helmet":2,"minecraft:iron_leggings":2,"minecraft:pumpkin_pie":9,"minecraft:iron_axe":1,"minecraft:iron_pickaxe":3,"minecraft:iron_shovel":1,"minecraft:string":1,"minecraft:white_wool":3,"minecraft:lever":3,"minecraft:stone_sword":2,"minecraft:iron_boots":4,"minecraft:carrot":68,"minecraft:wind_charge":34,"minecraft:diamond_sword":1,"minecraft:shield":2,"minecraft:diamond_pickaxe":1,"minecraft:trial_key":4,"minecraft:diamond_chestplate":3,"minecraft:spruce_planks":13,"minecraft:iron_chestplate":4,"minecraft:diamond_boots":2},"minecraft:broken":{"minecraft:iron_shovel":1,"minecraft:stone_pickaxe":1,"minecraft:shield":1,"minecraft:iron_pickaxe":1,"minecraft:bow":1},"minecraft:used":{"minecraft:iron_bars":2,"minecraft:stone_sword":2,"minecraft:iron_shovel":41,"minecraft:stone_shovel":2,"minecraft:chest":8,"minecraft:spruce_planks":6,"minecraft:shield":13,"minecraft:iron_sword":129,"minecraft:cooked_chicken":1,"minecraft:rotten_flesh":3,"minecraft:trial_key":1,"minecraft:netherrack":7,"minecraft:iron_chestplate":2,"minecraft:torch":5,"minecraft:dirt":32,"minecraft:mutton":6,"minecraft:diamond_helmet":1,"minecraft:carrot":88,"minecraft:tuff":6,"minecraft:spruce_boat":23,"minecraft:glass":1,"minecraft:waxed_oxidized_copper":3,"minecraft:waxed_oxidized_copper_grate":4,"minecraft:iron_block":4,"minecraft:iron_axe":125,"minecraft:spruce_button":1,"minecraft:iron_helmet":1,"minecraft:iron_boots":2,"minecraft:golden_carrot":1,"minecraft:stone_bricks":2,"minecraft:basalt":3,"minecraft:diamond_chestplate":1,"minecraft:bow":179,"minecraft:oak_sapling":1,"minecraft:minecart":8,"minecraft:cobbled_deepslate":28,"minecraft:iron_leggings":1,"minecraft:water_bucket":58,"minecraft:warped_stem":1,"minecraft:diamond_boots":5,"minecraft:stone_pickaxe":34,"minecraft:powered_rail":16,"minecraft:baked_potato":58,"minecraft:ender_pearl":4,"minecraft:diamond_axe":176,"minecraft:fletching_table":3,"minecraft:white_wool":2,"minecraft:mossy_cobblestone":24,"minecraft:rail":199,"minecraft:oak_slab":1,"minecraft:crafting_table":4,"minecraft:white_bed":11,"minecraft:end_stone":1,"minecraft:redstone_torch":6,"minecraft:lever":9,"minecraft:diamond_pickaxe":179,"minecraft:ominous_trial_key":3,"minecraft:diamond_shovel":17,"minecraft:iron_pickaxe":283,"minecraft:wind_charge":16,"minecraft:bread":3,"minecraft:lectern":179,"minecraft:string":35,"minecraft:leather_helmet":1,"minecraft:tuff_brick_slab":5,"minecraft:chiseled_tuff_bricks":1,"minecraft:diamond_sword":210,"minecraft:cobblestone":34,"minecraft:chainmail_boots":1,"minecraft:stripped_oak_wood":2,"minecraft:bucket":59,"minecraft:oak_boat":3,"minecraft:pumpkin_pie":6,"minecraft:diamond_leggings":2},"minecraft:custom":{"minecraft:interact_with_anvil":5,"minecraft:mob_kills":165,"minecraft:interact_with_crafting_table":44,"minecraft:open_barrel":19,"minecraft:leave_game":18,"minecraft:time_since_death":34020,"minecraft:climb_one_cm":10763,"minecraft:sprint_one_cm":1651718,"minecraft:walk_one_cm":1027022,"minecraft:damage_blocked_by_shield":1020,"minecraft:drop":164,"minecraft:talked_to_villager":361,"minecraft:play_time":471627,"minecraft:sneak_time":26999,"minecraft:deaths":45,"minecraft:walk_under_water_one_cm":125666,"minecraft:boat_one_cm":261226,"minecraft:jump":7432,"minecraft:interact_with_blast_furnace":3,"minecraft:walk_on_water_one_cm":187061,"minecraft:total_world_time":471627,"minecraft:interact_with_furnace":6,"minecraft:traded_with_villager":650,"minecraft:interact_with_stonecutter":1,"minecraft:interact_with_grindstone":3,"minecraft:sleep_in_bed":19,"minecraft:time_since_rest":34047,"minecraft:damage_taken":15836,"minecraft:minecart_one_cm":94156,"minecraft:damage_dealt":11487,"minecraft:player_kills":3,"minecraft:swim_one_cm":203021,"minecraft:fly_one_cm":2072870,"minecraft:open_chest":279,"minecraft:crouch_one_cm":80932,"minecraft:interact_with_smoker":9,"minecraft:inspect_dispenser":20,"minecraft:fall_one_cm":139355,"minecraft:horse_one_cm":1904},"minecraft:mined":{"minecraft:tuff":29,"minecraft:spruce_planks":5,"minecraft:white_bed":10,"minecraft:mossy_cobblestone":1,"minecraft:end_stone":23,"minecraft:lever":9,"minecraft:allium":34,"minecraft:grass_block":18,"minecraft:tuff_brick_slab":5,"minecraft:spruce_leaves":6,"minecraft:chiseled_tuff_bricks":1,"minecraft:tuff_bricks":2,"minecraft:large_fern":2,"minecraft:tall_seagrass":5,"minecraft:fire":25,"minecraft:cobbled_deepslate":6,"minecraft:stripped_spruce_log":1,"minecraft:fletching_table":2,"minecraft:dirt_path":4,"minecraft:rail":200,"minecraft:iron_bars":2,"minecraft:warped_stem":1,"minecraft:packed_ice":15,"minecraft:warped_trapdoor":1,"minecraft:iron_block":3,"minecraft:stone":8,"minecraft:white_banner":1,"minecraft:white_wool":1,"minecraft:redstone_wall_torch":1,"minecraft:tripwire":35,"minecraft:oak_slab":1,"minecraft:kelp_plant":44,"minecraft:snow_block":7,"minecraft:basalt":3,"minecraft:powder_snow":77,"minecraft:crafting_table":5,"minecraft:torch":3,"minecraft:short_grass":9,"minecraft:chest":2,"minecraft:lectern":179,"minecraft:tall_grass":7,"minecraft:glass":5,"minecraft:cobblestone":8,"minecraft:deepslate_gold_ore":1,"minecraft:sugar_cane":5,"minecraft:wall_torch":1,"minecraft:seagrass":13,"minecraft:warped_nylium":1,"minecraft:powered_rail":11,"minecraft:waxed_oxidized_copper_grate":3,"minecraft:spruce_log":94,"minecraft:birch_leaves":2,"minecraft:stripped_oak_wood":2,"minecraft:oak_log":4,"minecraft:waxed_oxidized_copper":3,"minecraft:gravel":2,"minecraft:dirt":20,"minecraft:stone_bricks":2,"minecraft:netherrack":8,"minecraft:oak_leaves":22,"minecraft:deepslate":221},"minecraft:picked_up":{"minecraft:iron_chestplate":7,"minecraft:crafting_table":5,"minecraft:allium":34,"minecraft:tuff_brick_slab":5,"minecraft:ominous_bottle":1,"minecraft:chainmail_boots":3,"minecraft:ladder":5,"minecraft:diamond_sword":10,"minecraft:potion":7,"minecraft:enchanted_book":14,"minecraft:shield":8,"minecraft:wind_charge":34,"minecraft:string":5088,"minecraft:flow_banner_pattern":5,"minecraft:iron_axe":9,"minecraft:iron_leggings":1,"minecraft:iron_shovel":1,"minecraft:diamond_leggings":8,"minecraft:cobbled_deepslate":160,"minecraft:bucket":43,"minecraft:spruce_planks":19,"minecraft:beef":3,"minecraft:trial_key":5,"minecraft:oak_boat":4,"minecraft:redstone_torch":3,"minecraft:iron_pickaxe":4,"minecraft:minecart":31,"minecraft:lectern":183,"minecraft:guster_pottery_sherd":3,"minecraft:sugar_cane":8,"minecraft:chest":30,"minecraft:waxed_oxidized_copper":3,"minecraft:iron_boots":3,"minecraft:tipped_arrow":89,"minecraft:stick":72,"minecraft:end_stone":20,"minecraft:torch":5,"minecraft:flow_pottery_sherd":6,"minecraft:carrot":2,"minecraft:stone_sword":1,"minecraft:arrow":1040,"minecraft:rotten_flesh":58,"minecraft:diamond_chestplate":13,"minecraft:pumpkin_pie":18,"minecraft:diamond_boots":25,"minecraft:iron_block":12,"minecraft:flow_armor_trim_smithing_template":1,"minecraft:tuff_bricks":1,"minecraft:mutton":7,"minecraft:iron_bars":2,"minecraft:rail":385,"minecraft:snowball":28,"minecraft:white_wool":8,"minecraft:cobblestone":185,"minecraft:cooked_beef":5,"minecraft:basalt":3,"minecraft:golden_carrot":8,"minecraft:water_bucket":12,"minecraft:tuff":10,"minecraft:oak_log":4,"minecraft:warped_trapdoor":1,"minecraft:gunpowder":3,"minecraft:dirt":35,"minecraft:white_banner":1,"minecraft:glass":170,"minecraft:bone":358,"minecraft:stone_bricks":2,"minecraft:kelp":140,"minecraft:bow":19,"minecraft:wheat_seeds":1,"minecraft:warped_stem":1,"minecraft:iron_ingot":52,"minecraft:stone_pickaxe":3,"minecraft:cooked_chicken":1,"minecraft:stripped_oak_wood":2,"minecraft:fletching_table":2,"minecraft:diamond_helmet":11,"minecraft:powered_rail":13,"minecraft:iron_sword":3,"minecraft:oak_planks":1,"minecraft:scrape_pottery_sherd":13,"minecraft:oak_slab":1,"minecraft:stripped_spruce_log":1,"minecraft:spruce_sapling":6,"minecraft:dead_bush":1,"minecraft:white_bed":17,"minecraft:spruce_log":94,"minecraft:spider_eye":1,"minecraft:mossy_cobblestone":91,"minecraft:leather_helmet":11,"minecraft:diamond_shovel":10,"minecraft:diamond":4,"minecraft:spruce_boat":36,"minecraft:lever":13,"minecraft:waxed_oxidized_copper_grate":20,"minecraft:iron_helmet":3,"minecraft:breeze_rod":58,"minecraft:diamond_axe":2,"minecraft:golden_apple":5,"minecraft:emerald":42,"minecraft:spruce_button":1,"minecraft:bread":3,"minecraft:baked_potato":370,"minecraft:oak_sapling":2,"minecraft:netherrack":8,"minecraft:ominous_trial_key":8,"minecraft:chiseled_tuff_bricks":5,"minecraft:diamond_pickaxe":6,"minecraft:ender_pearl":30},"minecraft:crafted":{"minecraft:oak_planks":16,"minecraft:spruce_button":1,"minecraft:diamond_shovel":2,"minecraft:diamond_helmet":2,"minecraft:bow":2,"minecraft:diamond_leggings":2,"minecraft:iron_boots":4,"minecraft:iron_axe":3,"minecraft:diamond_boots":1,"minecraft:magenta_dye":15,"minecraft:diamond_sword":2,"minecraft:emerald":629,"minecraft:diamond_axe":3,"minecraft:crafting_table":1,"minecraft:spruce_planks":628,"minecraft:powered_rail":6,"minecraft:iron_helmet":4,"minecraft:baked_potato":110,"minecraft:iron_sword":3,"minecraft:fletching_table":2,"minecraft:bucket":2,"minecraft:enchanted_book":5,"minecraft:air":0,"minecraft:oak_boat":1,"minecraft:white_wool":4,"minecraft:iron_chestplate":4,"minecraft:diamond_pickaxe":2,"minecraft:shield":3,"minecraft:stick":788,"minecraft:iron_ingot":162,"minecraft:iron_pickaxe":3,"minecraft:iron_shovel":3,"minecraft:iron_leggings":4,"minecraft:gold_ingot":8,"minecraft:white_bed":2,"minecraft:redstone_torch":3,"minecraft:diamond_chestplate":2},"minecraft:killed":{"minecraft:spider":2,"minecraft:skeleton":3,"minecraft:silverfish":5,"minecraft:magma_cube":7,"minecraft:creeper":1,"minecraft:zombie":122,"minecraft:stray":12,"minecraft:breeze":9,"minecraft:wither_skeleton":1,"minecraft:villager":1,"minecraft:enderman":1}},"DataVersion":3953}